  dd_edit.cpp
  Generating code
  3 of 872 functions ( 0.3%) were compiled, the rest were copied from previous compilation.
    0 functions were new in current compilation
    51 functions had inline decision re-evaluated but remain unchanged
  Finished generating code
  DarkDash.vcxproj -> C:\Users\pfole\source\repos\DarkDash\DarkDash\Release\DarkDash.exe
  Creating Xbox Image...
  [1/900] Added dir: "\\\\?\\C:\\Users\\pfole\\source\\repos\\DarkDash\\DarkDash\\Release\\Build\\DarkDash\\" at sector 33
  [2/900] Added file: "\\\\?\\C:\\Users\\pfole\\source\\repos\\DarkDash\\DarkDash\\Release\\Build\\DarkDash\\data" at sector 34
  [3/900] Added file: "\\\\?\\C:\\Users\\pfole\\source\\repos\\DarkDash\\DarkDash\\Release\\Build\\DarkDash\\audio" at sector 35
  [4/900] Added file: "\\\\?\\C:\\Users\\pfole\\source\\repos\\DarkDash\\DarkDash\\Release\\Build\\DarkDash\\fonts" at sector 36
  [5/900] Added file: "\\\\?\\C:\\Users\\pfole\\source\\repos\\DarkDash\\DarkDash\\Release\\Build\\DarkDash\\default.xbe" at sector 37
  [6/900] Added file: "\\\\?\\C:\\Users\\pfole\\source\\repos\\DarkDash\\DarkDash\\Release\\Build\\DarkDash\\themes" at sector 907
  [7/900] Added dir: "\\\\?\\C:\\Users\\pfole\\source\\repos\\DarkDash\\DarkDash\\Release\\Build\\DarkDash\\audio" at sector 35
  [8/900] Added file: "\\\\?\\C:\\Users\\pfole\\source\\repos\\DarkDash\\DarkDash\\Release\\Build\\DarkDash\\audio\\music" at sector 908
  [9/900] Added file: "\\\\?\\C:\\Users\\pfole\\source\\repos\\DarkDash\\DarkDash\\Release\\Build\\DarkDash\\audio\\snd" at sector 909
  [10/900] Added dir: "\\\\?\\C:\\Users\\pfole\\source\\repos\\DarkDash\\DarkDash\\Release\\Build\\DarkDash\\audio\\music" at sector 908
  [11/900] Added file: "\\\\?\\C:\\Users\\pfole\\source\\repos\\DarkDash\\DarkDash\\Release\\Build\\DarkDash\\audio\\music\\bg.mp3" at sector 910
  [12/900] Added file: "\\\\?\\C:\\Users\\pfole\\source\\repos\\DarkDash\\DarkDash\\Release\\Build\\DarkDash\\audio\\music\\Darkone83.mp3" at sector 3348
  [13/900] Added dir: "\\\\?\\C:\\Users\\pfole\\source\\repos\\DarkDash\\DarkDash\\Release\\Build\\DarkDash\\audio\\snd" at sector 909
  [14/900] Added file: "\\\\?\\C:\\Users\\pfole\\source\\repos\\DarkDash\\DarkDash\\Release\\Build\\DarkDash\\audio\\snd\\button-down.mp3" at sector 5119
  [15/900] Added file: "\\\\?\\C:\\Users\\pfole\\source\\repos\\DarkDash\\DarkDash\\Release\\Build\\DarkDash\\audio\\snd\\button-a.mp3" at sector 5121
  [16/900] Added file: "\\\\?\\C:\\Users\\pfole\\source\\repos\\DarkDash\\DarkDash\\Release\\Build\\DarkDash\\audio\\snd\\button-up.mp3" at sector 5124
  [17/900] Added file: "\\\\?\\C:\\Users\\pfole\\source\\repos\\DarkDash\\DarkDash\\Release\\Build\\DarkDash\\audio\\snd\\button-other.mp3" at sector 5126
  [18/900] Added file: "\\\\?\\C:\\Users\\pfole\\source\\repos\\DarkDash\\DarkDash\\Release\\Build\\DarkDash\\audio\\snd\\button-x.mp3" at sector 5130
  [19/900] Added dir: "\\\\?\\C:\\Users\\pfole\\source\\repos\\DarkDash\\DarkDash\\Release\\Build\\DarkDash\\data" at sector 34
  [20/900] Added file: "\\\\?\\C:\\Users\\pfole\\source\\repos\\DarkDash\\DarkDash\\Release\\Build\\DarkDash\\data\\Darkone83.png" at sector 5134
  [21/900] Added dir: "\\\\?\\C:\\Users\\pfole\\source\\repos\\DarkDash\\DarkDash\\Release\\Build\\DarkDash\\fonts" at sector 36
  [22/900] Added file: "\\\\?\\C:\\Users\\pfole\\source\\repos\\DarkDash\\DarkDash\\Release\\Build\\DarkDash\\fonts\\OGX.ddf" at sector 5249
  [23/900] Added file: "\\\\?\\C:\\Users\\pfole\\source\\repos\\DarkDash\\DarkDash\\Release\\Build\\DarkDash\\fonts\\JetBrainsMono.ddf" at sector 5765
  [24/900] Added file: "\\\\?\\C:\\Users\\pfole\\source\\repos\\DarkDash\\DarkDash\\Release\\Build\\DarkDash\\fonts\\Orbitron.ddf" at sector 6281
  [25/900] Added file: "\\\\?\\C:\\Users\\pfole\\source\\repos\\DarkDash\\DarkDash\\Release\\Build\\DarkDash\\fonts\\PressStart2P.ddf" at sector 6797
  [26/900] Added dir: "\\\\?\\C:\\Users\\pfole\\source\\repos\\DarkDash\\DarkDash\\Release\\Build\\DarkDash\\themes" at sector 907
  [27/900] Added file: "\\\\?\\C:\\Users\\pfole\\source\\repos\\DarkDash\\DarkDash\\Release\\Build\\DarkDash\\themes\\cyberpunk_purple" at sector 8849
  [28/900] Added file: "\\\\?\\C:\\Users\\pfole\\source\\repos\\DarkDash\\DarkDash\\Release\\Build\\DarkDash\\themes\\aegis_future" at sector 8850
  [29/900] Added file: "\\\\?\\C:\\Users\\pfole\\source\\repos\\DarkDash\\DarkDash\\Release\\Build\\DarkDash\\themes\\default" at sector 8851
  [30/900] Added file: "\\\\?\\C:\\Users\\pfole\\source\\repos\\DarkDash\\DarkDash\\Release\\Build\\DarkDash\\themes\\darkone_afterhours" at sector 8852
  [31/900] Added file: "\\\\?\\C:\\Users\\pfole\\source\\repos\\DarkDash\\DarkDash\\Release\\Build\\DarkDash\\themes\\neon_sunset" at sector 8853
  [32/900] Added dir: "\\\\?\\C:\\Users\\pfole\\source\\repos\\DarkDash\\DarkDash\\Release\\Build\\DarkDash\\themes\\aegis_future" at sector 8850
  [33/900] Added file: "\\\\?\\C:\\Users\\pfole\\source\\repos\\DarkDash\\DarkDash\\Release\\Build\\DarkDash\\themes\\aegis_future\\README.txt" at sector 8854
  [34/900] Added file: "\\\\?\\C:\\Users\\pfole\\source\\repos\\DarkDash\\DarkDash\\Release\\Build\\DarkDash\\themes\\aegis_future\\assets" at sector 8855
  [35/900] Added file: "\\\\?\\C:\\Users\\pfole\\source\\repos\\DarkDash\\DarkDash\\Release\\Build\\DarkDash\\themes\\aegis_future\\theme.ini" at sector 8856
  [36/900] Added dir: "\\\\?\\C:\\Users\\pfole\\source\\repos\\DarkDash\\DarkDash\\Release\\Build\\DarkDash\\themes\\aegis_future\\assets" at sector 8855
  [37/900] Added file: "\\\\?\\C:\\Users\\pfole\\source\\repos\\DarkDash\\DarkDash\\Release\\Build\\DarkDash\\themes\\aegis_future\\assets\\frame_status.png" at sector 8859
  [38/900] Added file: "\\\\?\\C:\\Users\\pfole\\source\\repos\\DarkDash\\DarkDash\\Release\\Build\\DarkDash\\themes\\aegis_future\\assets\\frame_library.png" at sector 8870
  [39/900] Added file: "\\\\?\\C:\\Users\\pfole\\source\\repos\\DarkDash\\DarkDash\\Release\\Build\\DarkDash\\themes\\aegis_future\\assets\\card_recent.png" at sector 8885
  [40/900] Added file: "\\\\?\\C:\\Users\\pfole\\source\\repos\\DarkDash\\DarkDash\\Release\\Build\\DarkDash\\themes\\aegis_future\\assets\\bar_header.png" at sector 8896
  [41/900] Added file: "\\\\?\\C:\\Users\\pfole\\source\\repos\\DarkDash\\DarkDash\\Release\\Build\\DarkDash\\themes\\aegis_future\\assets\\bar_footer.png" at sector 8903
  [42/900] Added file: "\\\\?\\C:\\Users\\pfole\\source\\repos\\DarkDash\\DarkDash\\Release\\Build\\DarkDash\\themes\\aegis_future\\assets\\bg.png" at sector 8913
  [43/900] Added file: "\\\\?\\C:\\Users\\pfole\\source\\repos\\DarkDash\\DarkDash\\Release\\Build\\DarkDash\\themes\\aegis_future\\assets\\frame_card_small.png" at sector 8924
  [44/900] Added file: "\\\\?\\C:\\Users\\pfole\\source\\repos\\DarkDash\\DarkDash\\Release\\Build\\DarkDash\\themes\\aegis_future\\assets\\frame_card_blank.png" at sector 8931
  [45/900] Added file: "\\\\?\\C:\\Users\\pfole\\source\\repos\\DarkDash\\DarkDash\\Release\\Build\\DarkDash\\themes\\aegis_future\\assets\\frame_featured.png" at sector 8964
  [46/900] Added file: "\\\\?\\C:\\Users\\pfole\\source\\repos\\DarkDash\\DarkDash\\Release\\Build\\DarkDash\\themes\\aegis_future\\assets\\frame_menu_v.png" at sector 8979
  [47/900] Added file: "\\\\?\\C:\\Users\\pfole\\source\\repos\\DarkDash\\DarkDash\\Release\\Build\\DarkDash\\themes\\aegis_future\\assets\\frame_menu_h.png" at sector 8997
  [48/900] Added file: "\\\\?\\C:\\Users\\pfole\\source\\repos\\DarkDash\\DarkDash\\Release\\Build\\DarkDash\\themes\\aegis_future\\assets\\frame_media.png" at sector 9012
  [49/900] Added file: "\\\\?\\C:\\Users\\pfole\\source\\repos\\DarkDash\\DarkDash\\Release\\Build\\DarkDash\\themes\\aegis_future\\assets\\frame_menu_h_selected.png" at sector 9025
  [50/900] Added file: "\\\\?\\C:\\Users\\pfole\\source\\repos\\DarkDash\\DarkDash\\Release\\Build\\DarkDash\\themes\\aegis_future\\assets\\frame_nowplaying.png" at sector 9039
  [51/900] Added file: "\\\\?\\C:\\Users\\pfole\\source\\repos\\DarkDash\\DarkDash\\Release\\Build\\DarkDash\\themes\\aegis_future\\assets\\frame_network.png" at sector 9051
  [52/900] Added file: "\\\\?\\C:\\Users\\pfole\\source\\repos\\DarkDash\\DarkDash\\Release\\Build\\DarkDash\\themes\\aegis_future\\assets\\frame_recent.png" at sector 9067
  [53/900] Added file: "\\\\?\\C:\\Users\\pfole\\source\\repos\\DarkDash\\DarkDash\\Release\\Build\\DarkDash\\themes\\aegis_future\\assets\\panel_loading.png" at sector 9079
  [54/900] Added file: "\\\\?\\C:\\Users\\pfole\\source\\repos\\DarkDash\\DarkDash\\Release\\Build\\DarkDash\\themes\\aegis_future\\assets\\icon_settings.png" at sector 9088
  [55/900] Added file: "\\\\?\\C:\\Users\\pfole\\source\\repos\\DarkDash\\DarkDash\\Release\\Build\\DarkDash\\themes\\aegis_future\\assets\\icon_games.png" at sector 9100
  [56/900] Added file: "\\\\?\\C:\\Users\\pfole\\source\\repos\\DarkDash\\DarkDash\\Release\\Build\\DarkDash\\themes\\aegis_future\\assets\\globe.png" at sector 9112
  [57/900] Added file: "\\\\?\\C:\\Users\\pfole\\source\\repos\\DarkDash\\DarkDash\\Release\\Build\\DarkDash\\themes\\aegis_future\\assets\\frame_storage.png" at sector 9171
  [58/900] Added file: "\\\\?\\C:\\Users\\pfole\\source\\repos\\DarkDash\\DarkDash\\Release\\Build\\DarkDash\\themes\\aegis_future\\assets\\icon_apps.png" at sector 9183
  [59/900] Added file: "\\\\?\\C:\\Users\\pfole\\source\\repos\\DarkDash\\DarkDash\\Release\\Build\\DarkDash\\themes\\aegis_future\\assets\\icon_network.png" at sector 9195
  [60/900] Added file: "\\\\?\\C:\\Users\\pfole\\source\\repos\\DarkDash\\DarkDash\\Release\\Build\\DarkDash\\themes\\aegis_future\\assets\\icon_media.png" at sector 9207
  [61/900] Added file: "\\\\?\\C:\\Users\\pfole\\source\\repos\\DarkDash\\DarkDash\\Release\\Build\\DarkDash\\themes\\aegis_future\\assets\\icon_saves.png" at sector 9219
  [62/900] Added file: "\\\\?\\C:\\Users\\pfole\\source\\repos\\DarkDash\\DarkDash\\Release\\Build\\DarkDash\\themes\\aegis_future\\assets\\module_storage.png" at sector 9231
  [63/900] Added file: "\\\\?\\C:\\Users\\pfole\\source\\repos\\DarkDash\\DarkDash\\Release\\Build\\DarkDash\\themes\\aegis_future\\assets\\module_media.png" at sector 9242
  [64/900] Added file: "\\\\?\\C:\\Users\\pfole\\source\\repos\\DarkDash\\DarkDash\\Release\\Build\\DarkDash\\themes\\aegis_future\\assets\\manifest.json" at sector 9252
  [65/900] Added file: "\\\\?\\C:\\Users\\pfole\\source\\repos\\DarkDash\\DarkDash\\Release\\Build\\DarkDash\\themes\\aegis_future\\assets\\module_status.png" at sector 9255
  [66/900] Added file: "\\\\?\\C:\\Users\\pfole\\source\\repos\\DarkDash\\DarkDash\\Release\\Build\\DarkDash\\themes\\aegis_future\\assets\\orb_small.png" at sector 9265
  [67/900] Added file: "\\\\?\\C:\\Users\\pfole\\source\\repos\\DarkDash\\DarkDash\\Release\\Build\\DarkDash\\themes\\aegis_future\\assets\\orb_hero.png" at sector 9294
  [68/900] Added file: "\\\\?\\C:\\Users\\pfole\\source\\repos\\DarkDash\\DarkDash\\Release\\Build\\DarkDash\\themes\\aegis_future\\assets\\overlay_selection_glow.png" at sector 9400
  [69/900] Added file: "\\\\?\\C:\\Users\\pfole\\source\\repos\\DarkDash\\DarkDash\\Release\\Build\\DarkDash\\themes\\aegis_future\\assets\\raw" at sector 9418
  [70/900] Added file: "\\\\?\\C:\\Users\\pfole\\source\\repos\\DarkDash\\DarkDash\\Release\\Build\\DarkDash\\themes\\aegis_future\\assets\\plaque_signedin.png" at sector 9420
  [71/900] Added file: "\\\\?\\C:\\Users\\pfole\\source\\repos\\DarkDash\\DarkDash\\Release\\Build\\DarkDash\\themes\\aegis_future\\assets\\plaque_freespace.png" at sector 9427
  [72/900] Added file: "\\\\?\\C:\\Users\\pfole\\source\\repos\\DarkDash\\DarkDash\\Release\\Build\\DarkDash\\themes\\aegis_future\\assets\\plaque_datetime.png" at sector 9434
  [73/900] Added file: "\\\\?\\C:\\Users\\pfole\\source\\repos\\DarkDash\\DarkDash\\Release\\Build\\DarkDash\\themes\\aegis_future\\assets\\plaque_info.png" at sector 9442
  [74/900] Added file: "\\\\?\\C:\\Users\\pfole\\source\\repos\\DarkDash\\DarkDash\\Release\\Build\\DarkDash\\themes\\aegis_future\\assets\\platform_long.png" at sector 9450
  [75/900] Added file: "\\\\?\\C:\\Users\\pfole\\source\\repos\\DarkDash\\DarkDash\\Release\\Build\\DarkDash\\themes\\aegis_future\\assets\\plaque_toast.png" at sector 9517
  [76/900] Added file: "\\\\?\\C:\\Users\\pfole\\source\\repos\\DarkDash\\DarkDash\\Release\\Build\\DarkDash\\themes\\aegis_future\\assets\\platform_round.png" at sector 9524
  [77/900] Added file: "\\\\?\\C:\\Users\\pfole\\source\\repos\\DarkDash\\DarkDash\\Release\\Build\\DarkDash\\themes\\aegis_future\\assets\\tab_v_selected.png" at sector 9591
  [78/900] Added file: "\\\\?\\C:\\Users\\pfole\\source\\repos\\DarkDash\\DarkDash\\Release\\Build\\DarkDash\\themes\\aegis_future\\assets\\tab_h_selected.png" at sector 9605
  [79/900] Added file: "\\\\?\\C:\\Users\\pfole\\source\\repos\\DarkDash\\DarkDash\\Release\\Build\\DarkDash\\themes\\aegis_future\\assets\\tab_h_normal.png" at sector 9614
  [80/900] Added file: "\\\\?\\C:\\Users\\pfole\\source\\repos\\DarkDash\\DarkDash\\Release\\Build\\DarkDash\\themes\\aegis_future\\assets\\tab_v_normal.png" at sector 9623
  [81/900] Added file: "\\\\?\\C:\\Users\\pfole\\source\\repos\\DarkDash\\DarkDash\\Release\\Build\\DarkDash\\themes\\aegis_future\\assets\\tile_cover_small_blank.png" at sector 9637
  [82/900] Added file: "\\\\?\\C:\\Users\\pfole\\source\\repos\\DarkDash\\DarkDash\\Release\\Build\\DarkDash\\themes\\aegis_future\\assets\\tile_cover_medium_blank.png" at sector 9645
  [83/900] Added file: "\\\\?\\C:\\Users\\pfole\\source\\repos\\DarkDash\\DarkDash\\Release\\Build\\DarkDash\\themes\\aegis_future\\assets\\tile_feature_blank.png" at sector 9654
  [84/900] Added dir: "\\\\?\\C:\\Users\\pfole\\source\\repos\\DarkDash\\DarkDash\\Release\\Build\\DarkDash\\themes\\aegis_future\\assets\\raw" at sector 9418
  [85/900] Added file: "\\\\?\\C:\\Users\\pfole\\source\\repos\\DarkDash\\DarkDash\\Release\\Build\\DarkDash\\themes\\aegis_future\\assets\\raw\\s3_013.png" at sector 9666
  [86/900] Added file: "\\\\?\\C:\\Users\\pfole\\source\\repos\\DarkDash\\DarkDash\\Release\\Build\\DarkDash\\themes\\aegis_future\\assets\\raw\\s2_016.png" at sector 9685
  [87/900] Added file: "\\\\?\\C:\\Users\\pfole\\source\\repos\\DarkDash\\DarkDash\\Release\\Build\\DarkDash\\themes\\aegis_future\\assets\\raw\\s1_102.png" at sector 9697
  [88/900] Added file: "\\\\?\\C:\\Users\\pfole\\source\\repos\\DarkDash\\DarkDash\\Release\\Build\\DarkDash\\themes\\aegis_future\\assets\\raw\\s1_057.png" at sector 9704
  [89/900] Added file: "\\\\?\\C:\\Users\\pfole\\source\\repos\\DarkDash\\DarkDash\\Release\\Build\\DarkDash\\themes\\aegis_future\\assets\\raw\\s1_033.png" at sector 9716
  [90/900] Added file: "\\\\?\\C:\\Users\\pfole\\source\\repos\\DarkDash\\DarkDash\\Release\\Build\\DarkDash\\themes\\aegis_future\\assets\\raw\\s1_019.png" at sector 9731
  [91/900] Added file: "\\\\?\\C:\\Users\\pfole\\source\\repos\\DarkDash\\DarkDash\\Release\\Build\\DarkDash\\themes\\aegis_future\\assets\\raw\\s1_018.png" at sector 9745
  [92/900] Added file: "\\\\?\\C:\\Users\\pfole\\source\\repos\\DarkDash\\DarkDash\\Release\\Build\\DarkDash\\themes\\aegis_future\\assets\\raw\\s1_020.png" at sector 9760
  [93/900] Added file: "\\\\?\\C:\\Users\\pfole\\source\\repos\\DarkDash\\DarkDash\\Release\\Build\\DarkDash\\themes\\aegis_future\\assets\\raw\\s1_055.png" at sector 9778
  [94/900] Added file: "\\\\?\\C:\\Users\\pfole\\source\\repos\\DarkDash\\DarkDash\\Release\\Build\\DarkDash\\themes\\aegis_future\\assets\\raw\\s1_034.png" at sector 9791
  [95/900] Added file: "\\\\?\\C:\\Users\\pfole\\source\\repos\\DarkDash\\DarkDash\\Release\\Build\\DarkDash\\themes\\aegis_future\\assets\\raw\\s1_056.png" at sector 9806
  [96/900] Added file: "\\\\?\\C:\\Users\\pfole\\source\\repos\\DarkDash\\DarkDash\\Release\\Build\\DarkDash\\themes\\aegis_future\\assets\\raw\\s1_082.png" at sector 9822
  [97/900] Added file: "\\\\?\\C:\\Users\\pfole\\source\\repos\\DarkDash\\DarkDash\\Release\\Build\\DarkDash\\themes\\aegis_future\\assets\\raw\\s1_068.png" at sector 9829
  [98/900] Added file: "\\\\?\\C:\\Users\\pfole\\source\\repos\\DarkDash\\DarkDash\\Release\\Build\\DarkDash\\themes\\aegis_future\\assets\\raw\\s1_058.png" at sector 9841
  [99/900] Added file: "\\\\?\\C:\\Users\\pfole\\source\\repos\\DarkDash\\DarkDash\\Release\\Build\\DarkDash\\themes\\aegis_future\\assets\\raw\\s1_075.png" at sector 9852
  [100/900] Added file: "\\\\?\\C:\\Users\\pfole\\source\\repos\\DarkDash\\DarkDash\\Release\\Build\\DarkDash\\themes\\aegis_future\\assets\\raw\\s1_089.png" at sector 9864
  [101/900] Added file: "\\\\?\\C:\\Users\\pfole\\source\\repos\\DarkDash\\DarkDash\\Release\\Build\\DarkDash\\themes\\aegis_future\\assets\\raw\\s1_083.png" at sector 9874
  [102/900] Added file: "\\\\?\\C:\\Users\\pfole\\source\\repos\\DarkDash\\DarkDash\\Release\\Build\\DarkDash\\themes\\aegis_future\\assets\\raw\\s1_101.png" at sector 9881
  [103/900] Added file: "\\\\?\\C:\\Users\\pfole\\source\\repos\\DarkDash\\DarkDash\\Release\\Build\\DarkDash\\themes\\aegis_future\\assets\\raw\\s2_008.png" at sector 9899
  [104/900] Added file: "\\\\?\\C:\\Users\\pfole\\source\\repos\\DarkDash\\DarkDash\\Release\\Build\\DarkDash\\themes\\aegis_future\\assets\\raw\\s2_004.png" at sector 9911
  [105/900] Added file: "\\\\?\\C:\\Users\\pfole\\source\\repos\\DarkDash\\DarkDash\\Release\\Build\\DarkDash\\themes\\aegis_future\\assets\\raw\\s2_002.png" at sector 9922
  [106/900] Added file: "\\\\?\\C:\\Users\\pfole\\source\\repos\\DarkDash\\DarkDash\\Release\\Build\\DarkDash\\themes\\aegis_future\\assets\\raw\\s2_001.png" at sector 9933
  [107/900] Added file: "\\\\?\\C:\\Users\\pfole\\source\\repos\\DarkDash\\DarkDash\\Release\\Build\\DarkDash\\themes\\aegis_future\\assets\\raw\\s2_003.png" at sector 9945
  [108/900] Added file: "\\\\?\\C:\\Users\\pfole\\source\\repos\\DarkDash\\DarkDash\\Release\\Build\\DarkDash\\themes\\aegis_future\\assets\\raw\\s2_006.png" at sector 9957
  [109/900] Added file: "\\\\?\\C:\\Users\\pfole\\source\\repos\\DarkDash\\DarkDash\\Release\\Build\\DarkDash\\themes\\aegis_future\\assets\\raw\\s2_005.png" at sector 9969
  [110/900] Added file: "\\\\?\\C:\\Users\\pfole\\source\\repos\\DarkDash\\DarkDash\\Release\\Build\\DarkDash\\themes\\aegis_future\\assets\\raw\\s2_007.png" at sector 9981
  [111/900] Added file: "\\\\?\\C:\\Users\\pfole\\source\\repos\\DarkDash\\DarkDash\\Release\\Build\\DarkDash\\themes\\aegis_future\\assets\\raw\\s2_012.png" at sector 9995
  [112/900] Added file: "\\\\?\\C:\\Users\\pfole\\source\\repos\\DarkDash\\DarkDash\\Release\\Build\\DarkDash\\themes\\aegis_future\\assets\\raw\\s2_010.png" at sector 10007
  [113/900] Added file: "\\\\?\\C:\\Users\\pfole\\source\\repos\\DarkDash\\DarkDash\\Release\\Build\\DarkDash\\themes\\aegis_future\\assets\\raw\\s2_009.png" at sector 10019
  [114/900] Added file: "\\\\?\\C:\\Users\\pfole\\source\\repos\\DarkDash\\DarkDash\\Release\\Build\\DarkDash\\themes\\aegis_future\\assets\\raw\\s2_011.png" at sector 10031
  [115/900] Added file: "\\\\?\\C:\\Users\\pfole\\source\\repos\\DarkDash\\DarkDash\\Release\\Build\\DarkDash\\themes\\aegis_future\\assets\\raw\\s2_014.png" at sector 10043
  [116/900] Added file: "\\\\?\\C:\\Users\\pfole\\source\\repos\\DarkDash\\DarkDash\\Release\\Build\\DarkDash\\themes\\aegis_future\\assets\\raw\\s2_013.png" at sector 10055
  [117/900] Added file: "\\\\?\\C:\\Users\\pfole\\source\\repos\\DarkDash\\DarkDash\\Release\\Build\\DarkDash\\themes\\aegis_future\\assets\\raw\\s2_015.png" at sector 10067
  [118/900] Added file: "\\\\?\\C:\\Users\\pfole\\source\\repos\\DarkDash\\DarkDash\\Release\\Build\\DarkDash\\themes\\aegis_future\\assets\\raw\\s2_034.png" at sector 10079
  [119/900] Added file: "\\\\?\\C:\\Users\\pfole\\source\\repos\\DarkDash\\DarkDash\\Release\\Build\\DarkDash\\themes\\aegis_future\\assets\\raw\\s2_024.png" at sector 10084
  [120/900] Added file: "\\\\?\\C:\\Users\\pfole\\source\\repos\\DarkDash\\DarkDash\\Release\\Build\\DarkDash\\themes\\aegis_future\\assets\\raw\\s2_020.png" at sector 10095
  [121/900] Added file: "\\\\?\\C:\\Users\\pfole\\source\\repos\\DarkDash\\DarkDash\\Release\\Build\\DarkDash\\themes\\aegis_future\\assets\\raw\\s2_018.png" at sector 10106
  [122/900] Added file: "\\\\?\\C:\\Users\\pfole\\source\\repos\\DarkDash\\DarkDash\\Release\\Build\\DarkDash\\themes\\aegis_future\\assets\\raw\\s2_017.png" at sector 10118
  [123/900] Added file: "\\\\?\\C:\\Users\\pfole\\source\\repos\\DarkDash\\DarkDash\\Release\\Build\\DarkDash\\themes\\aegis_future\\assets\\raw\\s2_019.png" at sector 10131
  [124/900] Added file: "\\\\?\\C:\\Users\\pfole\\source\\repos\\DarkDash\\DarkDash\\Release\\Build\\DarkDash\\themes\\aegis_future\\assets\\raw\\s2_022.png" at sector 10144
  [125/900] Added file: "\\\\?\\C:\\Users\\pfole\\source\\repos\\DarkDash\\DarkDash\\Release\\Build\\DarkDash\\themes\\aegis_future\\assets\\raw\\s2_021.png" at sector 10154
  [126/900] Added file: "\\\\?\\C:\\Users\\pfole\\source\\repos\\DarkDash\\DarkDash\\Release\\Build\\DarkDash\\themes\\aegis_future\\assets\\raw\\s2_023.png" at sector 10164
  [127/900] Added file: "\\\\?\\C:\\Users\\pfole\\source\\repos\\DarkDash\\DarkDash\\Release\\Build\\DarkDash\\themes\\aegis_future\\assets\\raw\\s2_028.png" at sector 10174
  [128/900] Added file: "\\\\?\\C:\\Users\\pfole\\source\\repos\\DarkDash\\DarkDash\\Release\\Build\\DarkDash\\themes\\aegis_future\\assets\\raw\\s2_026.png" at sector 10183
  [129/900] Added file: "\\\\?\\C:\\Users\\pfole\\source\\repos\\DarkDash\\DarkDash\\Release\\Build\\DarkDash\\themes\\aegis_future\\assets\\raw\\s2_025.png" at sector 10191
  [130/900] Added file: "\\\\?\\C:\\Users\\pfole\\source\\repos\\DarkDash\\DarkDash\\Release\\Build\\DarkDash\\themes\\aegis_future\\assets\\raw\\s2_027.png" at sector 10199
  [131/900] Added file: "\\\\?\\C:\\Users\\pfole\\source\\repos\\DarkDash\\DarkDash\\Release\\Build\\DarkDash\\themes\\aegis_future\\assets\\raw\\s2_032.png" at sector 10208
  [132/900] Added file: "\\\\?\\C:\\Users\\pfole\\source\\repos\\DarkDash\\DarkDash\\Release\\Build\\DarkDash\\themes\\aegis_future\\assets\\raw\\s2_031.png" at sector 10214
  [133/900] Added file: "\\\\?\\C:\\Users\\pfole\\source\\repos\\DarkDash\\DarkDash\\Release\\Build\\DarkDash\\themes\\aegis_future\\assets\\raw\\s2_033.png" at sector 10221
  [134/900] Added file: "\\\\?\\C:\\Users\\pfole\\source\\repos\\DarkDash\\DarkDash\\Release\\Build\\DarkDash\\themes\\aegis_future\\assets\\raw\\s2_056.png" at sector 10227
  [135/900] Added file: "\\\\?\\C:\\Users\\pfole\\source\\repos\\DarkDash\\DarkDash\\Release\\Build\\DarkDash\\themes\\aegis_future\\assets\\raw\\s2_052.png" at sector 10236
  [136/900] Added file: "\\\\?\\C:\\Users\\pfole\\source\\repos\\DarkDash\\DarkDash\\Release\\Build\\DarkDash\\themes\\aegis_future\\assets\\raw\\s2_050.png" at sector 10259
  [137/900] Added file: "\\\\?\\C:\\Users\\pfole\\source\\repos\\DarkDash\\DarkDash\\Release\\Build\\DarkDash\\themes\\aegis_future\\assets\\raw\\s2_049.png" at sector 10282
  [138/900] Added file: "\\\\?\\C:\\Users\\pfole\\source\\repos\\DarkDash\\DarkDash\\Release\\Build\\DarkDash\\themes\\aegis_future\\assets\\raw\\s2_051.png" at sector 10305
  [139/900] Added file: "\\\\?\\C:\\Users\\pfole\\source\\repos\\DarkDash\\DarkDash\\Release\\Build\\DarkDash\\themes\\aegis_future\\assets\\raw\\s2_054.png" at sector 10328
  [140/900] Added file: "\\\\?\\C:\\Users\\pfole\\source\\repos\\DarkDash\\DarkDash\\Release\\Build\\DarkDash\\themes\\aegis_future\\assets\\raw\\s2_053.png" at sector 10337
  [141/900] Added file: "\\\\?\\C:\\Users\\pfole\\source\\repos\\DarkDash\\DarkDash\\Release\\Build\\DarkDash\\themes\\aegis_future\\assets\\raw\\s2_055.png" at sector 10346
  [142/900] Added file: "\\\\?\\C:\\Users\\pfole\\source\\repos\\DarkDash\\DarkDash\\Release\\Build\\DarkDash\\themes\\aegis_future\\assets\\raw\\s3_004.png" at sector 10355
  [143/900] Added file: "\\\\?\\C:\\Users\\pfole\\source\\repos\\DarkDash\\DarkDash\\Release\\Build\\DarkDash\\themes\\aegis_future\\assets\\raw\\s3_002.png" at sector 10422
  [144/900] Added file: "\\\\?\\C:\\Users\\pfole\\source\\repos\\DarkDash\\DarkDash\\Release\\Build\\DarkDash\\themes\\aegis_future\\assets\\raw\\s3_001.png" at sector 10444
  [145/900] Added file: "\\\\?\\C:\\Users\\pfole\\source\\repos\\DarkDash\\DarkDash\\Release\\Build\\DarkDash\\themes\\aegis_future\\assets\\raw\\s3_003.png" at sector 10556
  [146/900] Added file: "\\\\?\\C:\\Users\\pfole\\source\\repos\\DarkDash\\DarkDash\\Release\\Build\\DarkDash\\themes\\aegis_future\\assets\\raw\\s3_011.png" at sector 10616
  [147/900] Added file: "\\\\?\\C:\\Users\\pfole\\source\\repos\\DarkDash\\DarkDash\\Release\\Build\\DarkDash\\themes\\aegis_future\\assets\\raw\\s3_010.png" at sector 10666
  [148/900] Added file: "\\\\?\\C:\\Users\\pfole\\source\\repos\\DarkDash\\DarkDash\\Release\\Build\\DarkDash\\themes\\aegis_future\\assets\\raw\\s3_012.png" at sector 10696
  [149/900] Added file: "\\\\?\\C:\\Users\\pfole\\source\\repos\\DarkDash\\DarkDash\\Release\\Build\\DarkDash\\themes\\aegis_future\\assets\\raw\\s4_023.png" at sector 10712
  [150/900] Added file: "\\\\?\\C:\\Users\\pfole\\source\\repos\\DarkDash\\DarkDash\\Release\\Build\\DarkDash\\themes\\aegis_future\\assets\\raw\\s3_029.png" at sector 10729
  [151/900] Added file: "\\\\?\\C:\\Users\\pfole\\source\\repos\\DarkDash\\DarkDash\\Release\\Build\\DarkDash\\themes\\aegis_future\\assets\\raw\\s3_021.png" at sector 10733
  [152/900] Added file: "\\\\?\\C:\\Users\\pfole\\source\\repos\\DarkDash\\DarkDash\\Release\\Build\\DarkDash\\themes\\aegis_future\\assets\\raw\\s3_017.png" at sector 10763
  [153/900] Added file: "\\\\?\\C:\\Users\\pfole\\source\\repos\\DarkDash\\DarkDash\\Release\\Build\\DarkDash\\themes\\aegis_future\\assets\\raw\\s3_015.png" at sector 10777
  [154/900] Added file: "\\\\?\\C:\\Users\\pfole\\source\\repos\\DarkDash\\DarkDash\\Release\\Build\\DarkDash\\themes\\aegis_future\\assets\\raw\\s3_014.png" at sector 10802
  [155/900] Added file: "\\\\?\\C:\\Users\\pfole\\source\\repos\\DarkDash\\DarkDash\\Release\\Build\\DarkDash\\themes\\aegis_future\\assets\\raw\\s3_016.png" at sector 10869
  [156/900] Added file: "\\\\?\\C:\\Users\\pfole\\source\\repos\\DarkDash\\DarkDash\\Release\\Build\\DarkDash\\themes\\aegis_future\\assets\\raw\\s3_019.png" at sector 10881
  [157/900] Added file: "\\\\?\\C:\\Users\\pfole\\source\\repos\\DarkDash\\DarkDash\\Release\\Build\\DarkDash\\themes\\aegis_future\\assets\\raw\\s3_018.png" at sector 10891
  [158/900] Added file: "\\\\?\\C:\\Users\\pfole\\source\\repos\\DarkDash\\DarkDash\\Release\\Build\\DarkDash\\themes\\aegis_future\\assets\\raw\\s3_020.png" at sector 10902
  [159/900] Added file: "\\\\?\\C:\\Users\\pfole\\source\\repos\\DarkDash\\DarkDash\\Release\\Build\\DarkDash\\themes\\aegis_future\\assets\\raw\\s3_025.png" at sector 10913
  [160/900] Added file: "\\\\?\\C:\\Users\\pfole\\source\\repos\\DarkDash\\DarkDash\\Release\\Build\\DarkDash\\themes\\aegis_future\\assets\\raw\\s3_023.png" at sector 10927
  [161/900] Added file: "\\\\?\\C:\\Users\\pfole\\source\\repos\\DarkDash\\DarkDash\\Release\\Build\\DarkDash\\themes\\aegis_future\\assets\\raw\\s3_022.png" at sector 10936
  [162/900] Added file: "\\\\?\\C:\\Users\\pfole\\source\\repos\\DarkDash\\DarkDash\\Release\\Build\\DarkDash\\themes\\aegis_future\\assets\\raw\\s3_024.png" at sector 10953
  [163/900] Added file: "\\\\?\\C:\\Users\\pfole\\source\\repos\\DarkDash\\DarkDash\\Release\\Build\\DarkDash\\themes\\aegis_future\\assets\\raw\\s3_027.png" at sector 10962
  [164/900] Added file: "\\\\?\\C:\\Users\\pfole\\source\\repos\\DarkDash\\DarkDash\\Release\\Build\\DarkDash\\themes\\aegis_future\\assets\\raw\\s3_026.png" at sector 10982
  [165/900] Added file: "\\\\?\\C:\\Users\\pfole\\source\\repos\\DarkDash\\DarkDash\\Release\\Build\\DarkDash\\themes\\aegis_future\\assets\\raw\\s3_028.png" at sector 10991
  [166/900] Added file: "\\\\?\\C:\\Users\\pfole\\source\\repos\\DarkDash\\DarkDash\\Release\\Build\\DarkDash\\themes\\aegis_future\\assets\\raw\\s3_043.png" at sector 11012
  [167/900] Added file: "\\\\?\\C:\\Users\\pfole\\source\\repos\\DarkDash\\DarkDash\\Release\\Build\\DarkDash\\themes\\aegis_future\\assets\\raw\\s3_039.png" at sector 11020
  [168/900] Added file: "\\\\?\\C:\\Users\\pfole\\source\\repos\\DarkDash\\DarkDash\\Release\\Build\\DarkDash\\themes\\aegis_future\\assets\\raw\\s3_037.png" at sector 11026
  [169/900] Added file: "\\\\?\\C:\\Users\\pfole\\source\\repos\\DarkDash\\DarkDash\\Release\\Build\\DarkDash\\themes\\aegis_future\\assets\\raw\\s3_032.png" at sector 11039
  [170/900] Added file: "\\\\?\\C:\\Users\\pfole\\source\\repos\\DarkDash\\DarkDash\\Release\\Build\\DarkDash\\themes\\aegis_future\\assets\\raw\\s3_038.png" at sector 11044
  [171/900] Added file: "\\\\?\\C:\\Users\\pfole\\source\\repos\\DarkDash\\DarkDash\\Release\\Build\\DarkDash\\themes\\aegis_future\\assets\\raw\\s3_041.png" at sector 11049
  [172/900] Added file: "\\\\?\\C:\\Users\\pfole\\source\\repos\\DarkDash\\DarkDash\\Release\\Build\\DarkDash\\themes\\aegis_future\\assets\\raw\\s3_040.png" at sector 11052
  [173/900] Added file: "\\\\?\\C:\\Users\\pfole\\source\\repos\\DarkDash\\DarkDash\\Release\\Build\\DarkDash\\themes\\aegis_future\\assets\\raw\\s3_042.png" at sector 11055
  [174/900] Added file: "\\\\?\\C:\\Users\\pfole\\source\\repos\\DarkDash\\DarkDash\\Release\\Build\\DarkDash\\themes\\aegis_future\\assets\\raw\\s3_047.png" at sector 11058
  [175/900] Added file: "\\\\?\\C:\\Users\\pfole\\source\\repos\\DarkDash\\DarkDash\\Release\\Build\\DarkDash\\themes\\aegis_future\\assets\\raw\\s3_045.png" at sector 11062
  [176/900] Added file: "\\\\?\\C:\\Users\\pfole\\source\\repos\\DarkDash\\DarkDash\\Release\\Build\\DarkDash\\themes\\aegis_future\\assets\\raw\\s3_044.png" at sector 11071
  [177/900] Added file: "\\\\?\\C:\\Users\\pfole\\source\\repos\\DarkDash\\DarkDash\\Release\\Build\\DarkDash\\themes\\aegis_future\\assets\\raw\\s3_046.png" at sector 11107
  [178/900] Added file: "\\\\?\\C:\\Users\\pfole\\source\\repos\\DarkDash\\DarkDash\\Release\\Build\\DarkDash\\themes\\aegis_future\\assets\\raw\\s3_049.png" at sector 11113
  [179/900] Added file: "\\\\?\\C:\\Users\\pfole\\source\\repos\\DarkDash\\DarkDash\\Release\\Build\\DarkDash\\themes\\aegis_future\\assets\\raw\\s3_048.png" at sector 11117
  [180/900] Added file: "\\\\?\\C:\\Users\\pfole\\source\\repos\\DarkDash\\DarkDash\\Release\\Build\\DarkDash\\themes\\aegis_future\\assets\\raw\\s3_050.png" at sector 11121
  [181/900] Added file: "\\\\?\\C:\\Users\\pfole\\source\\repos\\DarkDash\\DarkDash\\Release\\Build\\DarkDash\\themes\\aegis_future\\assets\\raw\\s4_091.png" at sector 11124
  [182/900] Added file: "\\\\?\\C:\\Users\\pfole\\source\\repos\\DarkDash\\DarkDash\\Release\\Build\\DarkDash\\themes\\aegis_future\\assets\\raw\\s4_054.png" at sector 11129
  [183/900] Added file: "\\\\?\\C:\\Users\\pfole\\source\\repos\\DarkDash\\DarkDash\\Release\\Build\\DarkDash\\themes\\aegis_future\\assets\\raw\\s4_027.png" at sector 11140
  [184/900] Added file: "\\\\?\\C:\\Users\\pfole\\source\\repos\\DarkDash\\DarkDash\\Release\\Build\\DarkDash\\themes\\aegis_future\\assets\\raw\\s4_025.png" at sector 11179
  [185/900] Added file: "\\\\?\\C:\\Users\\pfole\\source\\repos\\DarkDash\\DarkDash\\Release\\Build\\DarkDash\\themes\\aegis_future\\assets\\raw\\s4_024.png" at sector 11190
  [186/900] Added file: "\\\\?\\C:\\Users\\pfole\\source\\repos\\DarkDash\\DarkDash\\Release\\Build\\DarkDash\\themes\\aegis_future\\assets\\raw\\s4_026.png" at sector 11205
  [187/900] Added file: "\\\\?\\C:\\Users\\pfole\\source\\repos\\DarkDash\\DarkDash\\Release\\Build\\DarkDash\\themes\\aegis_future\\assets\\raw\\s4_038.png" at sector 11238
  [188/900] Added file: "\\\\?\\C:\\Users\\pfole\\source\\repos\\DarkDash\\DarkDash\\Release\\Build\\DarkDash\\themes\\aegis_future\\assets\\raw\\s4_033.png" at sector 11252
  [189/900] Added file: "\\\\?\\C:\\Users\\pfole\\source\\repos\\DarkDash\\DarkDash\\Release\\Build\\DarkDash\\themes\\aegis_future\\assets\\raw\\s4_053.png" at sector 11269
  [190/900] Added file: "\\\\?\\C:\\Users\\pfole\\source\\repos\\DarkDash\\DarkDash\\Release\\Build\\DarkDash\\themes\\aegis_future\\assets\\raw\\s4_078.png" at sector 11279
  [191/900] Added file: "\\\\?\\C:\\Users\\pfole\\source\\repos\\DarkDash\\DarkDash\\Release\\Build\\DarkDash\\themes\\aegis_future\\assets\\raw\\s4_056.png" at sector 11293
  [192/900] Added file: "\\\\?\\C:\\Users\\pfole\\source\\repos\\DarkDash\\DarkDash\\Release\\Build\\DarkDash\\themes\\aegis_future\\assets\\raw\\s4_055.png" at sector 11304
  [193/900] Added file: "\\\\?\\C:\\Users\\pfole\\source\\repos\\DarkDash\\DarkDash\\Release\\Build\\DarkDash\\themes\\aegis_future\\assets\\raw\\s4_061.png" at sector 11314
  [194/900] Added file: "\\\\?\\C:\\Users\\pfole\\source\\repos\\DarkDash\\DarkDash\\Release\\Build\\DarkDash\\themes\\aegis_future\\assets\\raw\\s4_080.png" at sector 11328
  [195/900] Added file: "\\\\?\\C:\\Users\\pfole\\source\\repos\\DarkDash\\DarkDash\\Release\\Build\\DarkDash\\themes\\aegis_future\\assets\\raw\\s4_079.png" at sector 11335
  [196/900] Added file: "\\\\?\\C:\\Users\\pfole\\source\\repos\\DarkDash\\DarkDash\\Release\\Build\\DarkDash\\themes\\aegis_future\\assets\\raw\\s4_081.png" at sector 11342
  [197/900] Added file: "\\\\?\\C:\\Users\\pfole\\source\\repos\\DarkDash\\DarkDash\\Release\\Build\\DarkDash\\themes\\aegis_future\\assets\\raw\\s4_097.png" at sector 11349
  [198/900] Added file: "\\\\?\\C:\\Users\\pfole\\source\\repos\\DarkDash\\DarkDash\\Release\\Build\\DarkDash\\themes\\aegis_future\\assets\\raw\\s4_095.png" at sector 11358
  [199/900] Added file: "\\\\?\\C:\\Users\\pfole\\source\\repos\\DarkDash\\DarkDash\\Release\\Build\\DarkDash\\themes\\aegis_future\\assets\\raw\\s4_094.png" at sector 11369
  [200/900] Added file: "\\\\?\\C:\\Users\\pfole\\source\\repos\\DarkDash\\DarkDash\\Release\\Build\\DarkDash\\themes\\aegis_future\\assets\\raw\\s4_096.png" at sector 11378
  [201/900] Added file: "\\\\?\\C:\\Users\\pfole\\source\\repos\\DarkDash\\DarkDash\\Release\\Build\\DarkDash\\themes\\aegis_future\\assets\\raw\\s4_114.png" at sector 11389
  [202/900] Added file: "\\\\?\\C:\\Users\\pfole\\source\\repos\\DarkDash\\DarkDash\\Release\\Build\\DarkDash\\themes\\aegis_future\\assets\\raw\\s4_113.png" at sector 11397
  [203/900] Added file: "\\\\?\\C:\\Users\\pfole\\source\\repos\\DarkDash\\DarkDash\\Release\\Build\\DarkDash\\themes\\aegis_future\\assets\\raw\\s4_123.png" at sector 11407
  [204/900] Added file: "\\\\?\\C:\\Users\\pfole\\source\\repos\\DarkDash\\DarkDash\\Release\\Build\\DarkDash\\themes\\aegis_future\\assets\\raw\\s4_122.png" at sector 11413
  [205/900] Added file: "\\\\?\\C:\\Users\\pfole\\source\\repos\\DarkDash\\DarkDash\\Release\\Build\\DarkDash\\themes\\aegis_future\\assets\\raw\\s4_124.png" at sector 11423
  [206/900] Added dir: "\\\\?\\C:\\Users\\pfole\\source\\repos\\DarkDash\\DarkDash\\Release\\Build\\DarkDash\\themes\\cyberpunk_purple" at sector 8849
  [207/900] Added file: "\\\\?\\C:\\Users\\pfole\\source\\repos\\DarkDash\\DarkDash\\Release\\Build\\DarkDash\\themes\\cyberpunk_purple\\README.txt" at sector 11428
  [208/900] Added file: "\\\\?\\C:\\Users\\pfole\\source\\repos\\DarkDash\\DarkDash\\Release\\Build\\DarkDash\\themes\\cyberpunk_purple\\assets" at sector 11429
  [209/900] Added file: "\\\\?\\C:\\Users\\pfole\\source\\repos\\DarkDash\\DarkDash\\Release\\Build\\DarkDash\\themes\\cyberpunk_purple\\theme.ini" at sector 11430
  [210/900] Added dir: "\\\\?\\C:\\Users\\pfole\\source\\repos\\DarkDash\\DarkDash\\Release\\Build\\DarkDash\\themes\\cyberpunk_purple\\assets" at sector 11429
  [211/900] Added file: "\\\\?\\C:\\Users\\pfole\\source\\repos\\DarkDash\\DarkDash\\Release\\Build\\DarkDash\\themes\\cyberpunk_purple\\assets\\frame_status.png" at sector 11433
  [212/900] Added file: "\\\\?\\C:\\Users\\pfole\\source\\repos\\DarkDash\\DarkDash\\Release\\Build\\DarkDash\\themes\\cyberpunk_purple\\assets\\frame_library.png" at sector 11444
  [213/900] Added file: "\\\\?\\C:\\Users\\pfole\\source\\repos\\DarkDash\\DarkDash\\Release\\Build\\DarkDash\\themes\\cyberpunk_purple\\assets\\card_recent.png" at sector 11459
  [214/900] Added file: "\\\\?\\C:\\Users\\pfole\\source\\repos\\DarkDash\\DarkDash\\Release\\Build\\DarkDash\\themes\\cyberpunk_purple\\assets\\bar_header.png" at sector 11470
  [215/900] Added file: "\\\\?\\C:\\Users\\pfole\\source\\repos\\DarkDash\\DarkDash\\Release\\Build\\DarkDash\\themes\\cyberpunk_purple\\assets\\bar_footer.png" at sector 11477
  [216/900] Added file: "\\\\?\\C:\\Users\\pfole\\source\\repos\\DarkDash\\DarkDash\\Release\\Build\\DarkDash\\themes\\cyberpunk_purple\\assets\\bg.png" at sector 11487
  [217/900] Added file: "\\\\?\\C:\\Users\\pfole\\source\\repos\\DarkDash\\DarkDash\\Release\\Build\\DarkDash\\themes\\cyberpunk_purple\\assets\\frame_card_small.png" at sector 11502
  [218/900] Added file: "\\\\?\\C:\\Users\\pfole\\source\\repos\\DarkDash\\DarkDash\\Release\\Build\\DarkDash\\themes\\cyberpunk_purple\\assets\\frame_card_blank.png" at sector 11509
  [219/900] Added file: "\\\\?\\C:\\Users\\pfole\\source\\repos\\DarkDash\\DarkDash\\Release\\Build\\DarkDash\\themes\\cyberpunk_purple\\assets\\frame_featured.png" at sector 11543
  [220/900] Added file: "\\\\?\\C:\\Users\\pfole\\source\\repos\\DarkDash\\DarkDash\\Release\\Build\\DarkDash\\themes\\cyberpunk_purple\\assets\\frame_menu_v.png" at sector 11559
  [221/900] Added file: "\\\\?\\C:\\Users\\pfole\\source\\repos\\DarkDash\\DarkDash\\Release\\Build\\DarkDash\\themes\\cyberpunk_purple\\assets\\frame_menu_h.png" at sector 11577
  [222/900] Added file: "\\\\?\\C:\\Users\\pfole\\source\\repos\\DarkDash\\DarkDash\\Release\\Build\\DarkDash\\themes\\cyberpunk_purple\\assets\\frame_media.png" at sector 11592
  [223/900] Added file: "\\\\?\\C:\\Users\\pfole\\source\\repos\\DarkDash\\DarkDash\\Release\\Build\\DarkDash\\themes\\cyberpunk_purple\\assets\\frame_menu_h_selected.png" at sector 11605
  [224/900] Added file: "\\\\?\\C:\\Users\\pfole\\source\\repos\\DarkDash\\DarkDash\\Release\\Build\\DarkDash\\themes\\cyberpunk_purple\\assets\\frame_nowplaying.png" at sector 11620
  [225/900] Added file: "\\\\?\\C:\\Users\\pfole\\source\\repos\\DarkDash\\DarkDash\\Release\\Build\\DarkDash\\themes\\cyberpunk_purple\\assets\\frame_network.png" at sector 11632
  [226/900] Added file: "\\\\?\\C:\\Users\\pfole\\source\\repos\\DarkDash\\DarkDash\\Release\\Build\\DarkDash\\themes\\cyberpunk_purple\\assets\\frame_recent.png" at sector 11648
  [227/900] Added file: "\\\\?\\C:\\Users\\pfole\\source\\repos\\DarkDash\\DarkDash\\Release\\Build\\DarkDash\\themes\\cyberpunk_purple\\assets\\panel_loading.png" at sector 11660
  [228/900] Added file: "\\\\?\\C:\\Users\\pfole\\source\\repos\\DarkDash\\DarkDash\\Release\\Build\\DarkDash\\themes\\cyberpunk_purple\\assets\\icon_settings.png" at sector 11670
  [229/900] Added file: "\\\\?\\C:\\Users\\pfole\\source\\repos\\DarkDash\\DarkDash\\Release\\Build\\DarkDash\\themes\\cyberpunk_purple\\assets\\icon_games.png" at sector 11683
  [230/900] Added file: "\\\\?\\C:\\Users\\pfole\\source\\repos\\DarkDash\\DarkDash\\Release\\Build\\DarkDash\\themes\\cyberpunk_purple\\assets\\globe.png" at sector 11695
  [231/900] Added file: "\\\\?\\C:\\Users\\pfole\\source\\repos\\DarkDash\\DarkDash\\Release\\Build\\DarkDash\\themes\\cyberpunk_purple\\assets\\frame_storage.png" at sector 11759
  [232/900] Added file: "\\\\?\\C:\\Users\\pfole\\source\\repos\\DarkDash\\DarkDash\\Release\\Build\\DarkDash\\themes\\cyberpunk_purple\\assets\\icon_apps.png" at sector 11771
  [233/900] Added file: "\\\\?\\C:\\Users\\pfole\\source\\repos\\DarkDash\\DarkDash\\Release\\Build\\DarkDash\\themes\\cyberpunk_purple\\assets\\icon_network.png" at sector 11783
  [234/900] Added file: "\\\\?\\C:\\Users\\pfole\\source\\repos\\DarkDash\\DarkDash\\Release\\Build\\DarkDash\\themes\\cyberpunk_purple\\assets\\icon_media.png" at sector 11796
  [235/900] Added file: "\\\\?\\C:\\Users\\pfole\\source\\repos\\DarkDash\\DarkDash\\Release\\Build\\DarkDash\\themes\\cyberpunk_purple\\assets\\icon_saves.png" at sector 11808
  [236/900] Added file: "\\\\?\\C:\\Users\\pfole\\source\\repos\\DarkDash\\DarkDash\\Release\\Build\\DarkDash\\themes\\cyberpunk_purple\\assets\\module_storage.png" at sector 11820
  [237/900] Added file: "\\\\?\\C:\\Users\\pfole\\source\\repos\\DarkDash\\DarkDash\\Release\\Build\\DarkDash\\themes\\cyberpunk_purple\\assets\\module_media.png" at sector 11831
  [238/900] Added file: "\\\\?\\C:\\Users\\pfole\\source\\repos\\DarkDash\\DarkDash\\Release\\Build\\DarkDash\\themes\\cyberpunk_purple\\assets\\manifest.json" at sector 11841
  [239/900] Added file: "\\\\?\\C:\\Users\\pfole\\source\\repos\\DarkDash\\DarkDash\\Release\\Build\\DarkDash\\themes\\cyberpunk_purple\\assets\\module_status.png" at sector 11844
  [240/900] Added file: "\\\\?\\C:\\Users\\pfole\\source\\repos\\DarkDash\\DarkDash\\Release\\Build\\DarkDash\\themes\\cyberpunk_purple\\assets\\orb_small.png" at sector 11854
  [241/900] Added file: "\\\\?\\C:\\Users\\pfole\\source\\repos\\DarkDash\\DarkDash\\Release\\Build\\DarkDash\\themes\\cyberpunk_purple\\assets\\orb_hero.png" at sector 11885
  [242/900] Added file: "\\\\?\\C:\\Users\\pfole\\source\\repos\\DarkDash\\DarkDash\\Release\\Build\\DarkDash\\themes\\cyberpunk_purple\\assets\\overlay_selection_glow.png" at sector 11998
  [243/900] Added file: "\\\\?\\C:\\Users\\pfole\\source\\repos\\DarkDash\\DarkDash\\Release\\Build\\DarkDash\\themes\\cyberpunk_purple\\assets\\raw" at sector 12021
  [244/900] Added file: "\\\\?\\C:\\Users\\pfole\\source\\repos\\DarkDash\\DarkDash\\Release\\Build\\DarkDash\\themes\\cyberpunk_purple\\assets\\plaque_signedin.png" at sector 12023
  [245/900] Added file: "\\\\?\\C:\\Users\\pfole\\source\\repos\\DarkDash\\DarkDash\\Release\\Build\\DarkDash\\themes\\cyberpunk_purple\\assets\\plaque_freespace.png" at sector 12031
  [246/900] Added file: "\\\\?\\C:\\Users\\pfole\\source\\repos\\DarkDash\\DarkDash\\Release\\Build\\DarkDash\\themes\\cyberpunk_purple\\assets\\plaque_datetime.png" at sector 12039
  [247/900] Added file: "\\\\?\\C:\\Users\\pfole\\source\\repos\\DarkDash\\DarkDash\\Release\\Build\\DarkDash\\themes\\cyberpunk_purple\\assets\\plaque_info.png" at sector 12048
  [248/900] Added file: "\\\\?\\C:\\Users\\pfole\\source\\repos\\DarkDash\\DarkDash\\Release\\Build\\DarkDash\\themes\\cyberpunk_purple\\assets\\platform_long.png" at sector 12056
  [249/900] Added file: "\\\\?\\C:\\Users\\pfole\\source\\repos\\DarkDash\\DarkDash\\Release\\Build\\DarkDash\\themes\\cyberpunk_purple\\assets\\plaque_toast.png" at sector 12125
  [250/900] Added file: "\\\\?\\C:\\Users\\pfole\\source\\repos\\DarkDash\\DarkDash\\Release\\Build\\DarkDash\\themes\\cyberpunk_purple\\assets\\platform_round.png" at sector 12133
  [251/900] Added file: "\\\\?\\C:\\Users\\pfole\\source\\repos\\DarkDash\\DarkDash\\Release\\Build\\DarkDash\\themes\\cyberpunk_purple\\assets\\tab_v_selected.png" at sector 12203
  [252/900] Added file: "\\\\?\\C:\\Users\\pfole\\source\\repos\\DarkDash\\DarkDash\\Release\\Build\\DarkDash\\themes\\cyberpunk_purple\\assets\\tab_h_selected.png" at sector 12220
  [253/900] Added file: "\\\\?\\C:\\Users\\pfole\\source\\repos\\DarkDash\\DarkDash\\Release\\Build\\DarkDash\\themes\\cyberpunk_purple\\assets\\tab_h_normal.png" at sector 12232
  [254/900] Added file: "\\\\?\\C:\\Users\\pfole\\source\\repos\\DarkDash\\DarkDash\\Release\\Build\\DarkDash\\themes\\cyberpunk_purple\\assets\\tab_v_normal.png" at sector 12243
  [255/900] Added file: "\\\\?\\C:\\Users\\pfole\\source\\repos\\DarkDash\\DarkDash\\Release\\Build\\DarkDash\\themes\\cyberpunk_purple\\assets\\tile_cover_small_blank.png" at sector 12260
  [256/900] Added file: "\\\\?\\C:\\Users\\pfole\\source\\repos\\DarkDash\\DarkDash\\Release\\Build\\DarkDash\\themes\\cyberpunk_purple\\assets\\tile_cover_medium_blank.png" at sector 12268
  [257/900] Added file: "\\\\?\\C:\\Users\\pfole\\source\\repos\\DarkDash\\DarkDash\\Release\\Build\\DarkDash\\themes\\cyberpunk_purple\\assets\\tile_feature_blank.png" at sector 12277
  [258/900] Added dir: "\\\\?\\C:\\Users\\pfole\\source\\repos\\DarkDash\\DarkDash\\Release\\Build\\DarkDash\\themes\\cyberpunk_purple\\assets\\raw" at sector 12021
  [259/900] Added file: "\\\\?\\C:\\Users\\pfole\\source\\repos\\DarkDash\\DarkDash\\Release\\Build\\DarkDash\\themes\\cyberpunk_purple\\assets\\raw\\s3_013.png" at sector 12290
  [260/900] Added file: "\\\\?\\C:\\Users\\pfole\\source\\repos\\DarkDash\\DarkDash\\Release\\Build\\DarkDash\\themes\\cyberpunk_purple\\assets\\raw\\s2_016.png" at sector 12309
  [261/900] Added file: "\\\\?\\C:\\Users\\pfole\\source\\repos\\DarkDash\\DarkDash\\Release\\Build\\DarkDash\\themes\\cyberpunk_purple\\assets\\raw\\s1_102.png" at sector 12322
  [262/900] Added file: "\\\\?\\C:\\Users\\pfole\\source\\repos\\DarkDash\\DarkDash\\Release\\Build\\DarkDash\\themes\\cyberpunk_purple\\assets\\raw\\s1_057.png" at sector 12329
  [263/900] Added file: "\\\\?\\C:\\Users\\pfole\\source\\repos\\DarkDash\\DarkDash\\Release\\Build\\DarkDash\\themes\\cyberpunk_purple\\assets\\raw\\s1_033.png" at sector 12341
  [264/900] Added file: "\\\\?\\C:\\Users\\pfole\\source\\repos\\DarkDash\\DarkDash\\Release\\Build\\DarkDash\\themes\\cyberpunk_purple\\assets\\raw\\s1_019.png" at sector 12357
  [265/900] Added file: "\\\\?\\C:\\Users\\pfole\\source\\repos\\DarkDash\\DarkDash\\Release\\Build\\DarkDash\\themes\\cyberpunk_purple\\assets\\raw\\s1_018.png" at sector 12371
  [266/900] Added file: "\\\\?\\C:\\Users\\pfole\\source\\repos\\DarkDash\\DarkDash\\Release\\Build\\DarkDash\\themes\\cyberpunk_purple\\assets\\raw\\s1_020.png" at sector 12386
  [267/900] Added file: "\\\\?\\C:\\Users\\pfole\\source\\repos\\DarkDash\\DarkDash\\Release\\Build\\DarkDash\\themes\\cyberpunk_purple\\assets\\raw\\s1_055.png" at sector 12404
  [268/900] Added file: "\\\\?\\C:\\Users\\pfole\\source\\repos\\DarkDash\\DarkDash\\Release\\Build\\DarkDash\\themes\\cyberpunk_purple\\assets\\raw\\s1_034.png" at sector 12417
  [269/900] Added file: "\\\\?\\C:\\Users\\pfole\\source\\repos\\DarkDash\\DarkDash\\Release\\Build\\DarkDash\\themes\\cyberpunk_purple\\assets\\raw\\s1_056.png" at sector 12432
  [270/900] Added file: "\\\\?\\C:\\Users\\pfole\\source\\repos\\DarkDash\\DarkDash\\Release\\Build\\DarkDash\\themes\\cyberpunk_purple\\assets\\raw\\s1_082.png" at sector 12448
  [271/900] Added file: "\\\\?\\C:\\Users\\pfole\\source\\repos\\DarkDash\\DarkDash\\Release\\Build\\DarkDash\\themes\\cyberpunk_purple\\assets\\raw\\s1_068.png" at sector 12456
  [272/900] Added file: "\\\\?\\C:\\Users\\pfole\\source\\repos\\DarkDash\\DarkDash\\Release\\Build\\DarkDash\\themes\\cyberpunk_purple\\assets\\raw\\s1_058.png" at sector 12468
  [273/900] Added file: "\\\\?\\C:\\Users\\pfole\\source\\repos\\DarkDash\\DarkDash\\Release\\Build\\DarkDash\\themes\\cyberpunk_purple\\assets\\raw\\s1_075.png" at sector 12479
  [274/900] Added file: "\\\\?\\C:\\Users\\pfole\\source\\repos\\DarkDash\\DarkDash\\Release\\Build\\DarkDash\\themes\\cyberpunk_purple\\assets\\raw\\s1_089.png" at sector 12491
  [275/900] Added file: "\\\\?\\C:\\Users\\pfole\\source\\repos\\DarkDash\\DarkDash\\Release\\Build\\DarkDash\\themes\\cyberpunk_purple\\assets\\raw\\s1_083.png" at sector 12501
  [276/900] Added file: "\\\\?\\C:\\Users\\pfole\\source\\repos\\DarkDash\\DarkDash\\Release\\Build\\DarkDash\\themes\\cyberpunk_purple\\assets\\raw\\s1_101.png" at sector 12508
  [277/900] Added file: "\\\\?\\C:\\Users\\pfole\\source\\repos\\DarkDash\\DarkDash\\Release\\Build\\DarkDash\\themes\\cyberpunk_purple\\assets\\raw\\s2_008.png" at sector 12531
  [278/900] Added file: "\\\\?\\C:\\Users\\pfole\\source\\repos\\DarkDash\\DarkDash\\Release\\Build\\DarkDash\\themes\\cyberpunk_purple\\assets\\raw\\s2_004.png" at sector 12544
  [279/900] Added file: "\\\\?\\C:\\Users\\pfole\\source\\repos\\DarkDash\\DarkDash\\Release\\Build\\DarkDash\\themes\\cyberpunk_purple\\assets\\raw\\s2_002.png" at sector 12555
  [280/900] Added file: "\\\\?\\C:\\Users\\pfole\\source\\repos\\DarkDash\\DarkDash\\Release\\Build\\DarkDash\\themes\\cyberpunk_purple\\assets\\raw\\s2_001.png" at sector 12567
  [281/900] Added file: "\\\\?\\C:\\Users\\pfole\\source\\repos\\DarkDash\\DarkDash\\Release\\Build\\DarkDash\\themes\\cyberpunk_purple\\assets\\raw\\s2_003.png" at sector 12580
  [282/900] Added file: "\\\\?\\C:\\Users\\pfole\\source\\repos\\DarkDash\\DarkDash\\Release\\Build\\DarkDash\\themes\\cyberpunk_purple\\assets\\raw\\s2_006.png" at sector 12592
  [283/900] Added file: "\\\\?\\C:\\Users\\pfole\\source\\repos\\DarkDash\\DarkDash\\Release\\Build\\DarkDash\\themes\\cyberpunk_purple\\assets\\raw\\s2_005.png" at sector 12604
  [284/900] Added file: "\\\\?\\C:\\Users\\pfole\\source\\repos\\DarkDash\\DarkDash\\Release\\Build\\DarkDash\\themes\\cyberpunk_purple\\assets\\raw\\s2_007.png" at sector 12616
  [285/900] Added file: "\\\\?\\C:\\Users\\pfole\\source\\repos\\DarkDash\\DarkDash\\Release\\Build\\DarkDash\\themes\\cyberpunk_purple\\assets\\raw\\s2_012.png" at sector 12630
  [286/900] Added file: "\\\\?\\C:\\Users\\pfole\\source\\repos\\DarkDash\\DarkDash\\Release\\Build\\DarkDash\\themes\\cyberpunk_purple\\assets\\raw\\s2_010.png" at sector 12642
  [287/900] Added file: "\\\\?\\C:\\Users\\pfole\\source\\repos\\DarkDash\\DarkDash\\Release\\Build\\DarkDash\\themes\\cyberpunk_purple\\assets\\raw\\s2_009.png" at sector 12654
  [288/900] Added file: "\\\\?\\C:\\Users\\pfole\\source\\repos\\DarkDash\\DarkDash\\Release\\Build\\DarkDash\\themes\\cyberpunk_purple\\assets\\raw\\s2_011.png" at sector 12667
  [289/900] Added file: "\\\\?\\C:\\Users\\pfole\\source\\repos\\DarkDash\\DarkDash\\Release\\Build\\DarkDash\\themes\\cyberpunk_purple\\assets\\raw\\s2_014.png" at sector 12679
  [290/900] Added file: "\\\\?\\C:\\Users\\pfole\\source\\repos\\DarkDash\\DarkDash\\Release\\Build\\DarkDash\\themes\\cyberpunk_purple\\assets\\raw\\s2_013.png" at sector 12692
  [291/900] Added file: "\\\\?\\C:\\Users\\pfole\\source\\repos\\DarkDash\\DarkDash\\Release\\Build\\DarkDash\\themes\\cyberpunk_purple\\assets\\raw\\s2_015.png" at sector 12704
  [292/900] Added file: "\\\\?\\C:\\Users\\pfole\\source\\repos\\DarkDash\\DarkDash\\Release\\Build\\DarkDash\\themes\\cyberpunk_purple\\assets\\raw\\s2_034.png" at sector 12717
  [293/900] Added file: "\\\\?\\C:\\Users\\pfole\\source\\repos\\DarkDash\\DarkDash\\Release\\Build\\DarkDash\\themes\\cyberpunk_purple\\assets\\raw\\s2_024.png" at sector 12723
  [294/900] Added file: "\\\\?\\C:\\Users\\pfole\\source\\repos\\DarkDash\\DarkDash\\Release\\Build\\DarkDash\\themes\\cyberpunk_purple\\assets\\raw\\s2_020.png" at sector 12734
  [295/900] Added file: "\\\\?\\C:\\Users\\pfole\\source\\repos\\DarkDash\\DarkDash\\Release\\Build\\DarkDash\\themes\\cyberpunk_purple\\assets\\raw\\s2_018.png" at sector 12746
  [296/900] Added file: "\\\\?\\C:\\Users\\pfole\\source\\repos\\DarkDash\\DarkDash\\Release\\Build\\DarkDash\\themes\\cyberpunk_purple\\assets\\raw\\s2_017.png" at sector 12758
  [297/900] Added file: "\\\\?\\C:\\Users\\pfole\\source\\repos\\DarkDash\\DarkDash\\Release\\Build\\DarkDash\\themes\\cyberpunk_purple\\assets\\raw\\s2_019.png" at sector 12771
  [298/900] Added file: "\\\\?\\C:\\Users\\pfole\\source\\repos\\DarkDash\\DarkDash\\Release\\Build\\DarkDash\\themes\\cyberpunk_purple\\assets\\raw\\s2_022.png" at sector 12785
  [299/900] Added file: "\\\\?\\C:\\Users\\pfole\\source\\repos\\DarkDash\\DarkDash\\Release\\Build\\DarkDash\\themes\\cyberpunk_purple\\assets\\raw\\s2_021.png" at sector 12796
  [300/900] Added file: "\\\\?\\C:\\Users\\pfole\\source\\repos\\DarkDash\\DarkDash\\Release\\Build\\DarkDash\\themes\\cyberpunk_purple\\assets\\raw\\s2_023.png" at sector 12807
  [301/900] Added file: "\\\\?\\C:\\Users\\pfole\\source\\repos\\DarkDash\\DarkDash\\Release\\Build\\DarkDash\\themes\\cyberpunk_purple\\assets\\raw\\s2_028.png" at sector 12817
  [302/900] Added file: "\\\\?\\C:\\Users\\pfole\\source\\repos\\DarkDash\\DarkDash\\Release\\Build\\DarkDash\\themes\\cyberpunk_purple\\assets\\raw\\s2_026.png" at sector 12826
  [303/900] Added file: "\\\\?\\C:\\Users\\pfole\\source\\repos\\DarkDash\\DarkDash\\Release\\Build\\DarkDash\\themes\\cyberpunk_purple\\assets\\raw\\s2_025.png" at sector 12835
  [304/900] Added file: "\\\\?\\C:\\Users\\pfole\\source\\repos\\DarkDash\\DarkDash\\Release\\Build\\DarkDash\\themes\\cyberpunk_purple\\assets\\raw\\s2_027.png" at sector 12844
  [305/900] Added file: "\\\\?\\C:\\Users\\pfole\\source\\repos\\DarkDash\\DarkDash\\Release\\Build\\DarkDash\\themes\\cyberpunk_purple\\assets\\raw\\s2_032.png" at sector 12853
  [306/900] Added file: "\\\\?\\C:\\Users\\pfole\\source\\repos\\DarkDash\\DarkDash\\Release\\Build\\DarkDash\\themes\\cyberpunk_purple\\assets\\raw\\s2_031.png" at sector 12860
  [307/900] Added file: "\\\\?\\C:\\Users\\pfole\\source\\repos\\DarkDash\\DarkDash\\Release\\Build\\DarkDash\\themes\\cyberpunk_purple\\assets\\raw\\s2_033.png" at sector 12867
  [308/900] Added file: "\\\\?\\C:\\Users\\pfole\\source\\repos\\DarkDash\\DarkDash\\Release\\Build\\DarkDash\\themes\\cyberpunk_purple\\assets\\raw\\s2_056.png" at sector 12873
  [309/900] Added file: "\\\\?\\C:\\Users\\pfole\\source\\repos\\DarkDash\\DarkDash\\Release\\Build\\DarkDash\\themes\\cyberpunk_purple\\assets\\raw\\s2_052.png" at sector 12882
  [310/900] Added file: "\\\\?\\C:\\Users\\pfole\\source\\repos\\DarkDash\\DarkDash\\Release\\Build\\DarkDash\\themes\\cyberpunk_purple\\assets\\raw\\s2_050.png" at sector 12906
  [311/900] Added file: "\\\\?\\C:\\Users\\pfole\\source\\repos\\DarkDash\\DarkDash\\Release\\Build\\DarkDash\\themes\\cyberpunk_purple\\assets\\raw\\s2_049.png" at sector 12929
  [312/900] Added file: "\\\\?\\C:\\Users\\pfole\\source\\repos\\DarkDash\\DarkDash\\Release\\Build\\DarkDash\\themes\\cyberpunk_purple\\assets\\raw\\s2_051.png" at sector 12953
  [313/900] Added file: "\\\\?\\C:\\Users\\pfole\\source\\repos\\DarkDash\\DarkDash\\Release\\Build\\DarkDash\\themes\\cyberpunk_purple\\assets\\raw\\s2_054.png" at sector 12977
  [314/900] Added file: "\\\\?\\C:\\Users\\pfole\\source\\repos\\DarkDash\\DarkDash\\Release\\Build\\DarkDash\\themes\\cyberpunk_purple\\assets\\raw\\s2_053.png" at sector 12986
  [315/900] Added file: "\\\\?\\C:\\Users\\pfole\\source\\repos\\DarkDash\\DarkDash\\Release\\Build\\DarkDash\\themes\\cyberpunk_purple\\assets\\raw\\s2_055.png" at sector 12996
  [316/900] Added file: "\\\\?\\C:\\Users\\pfole\\source\\repos\\DarkDash\\DarkDash\\Release\\Build\\DarkDash\\themes\\cyberpunk_purple\\assets\\raw\\s3_004.png" at sector 13005
  [317/900] Added file: "\\\\?\\C:\\Users\\pfole\\source\\repos\\DarkDash\\DarkDash\\Release\\Build\\DarkDash\\themes\\cyberpunk_purple\\assets\\raw\\s3_002.png" at sector 13075
  [318/900] Added file: "\\\\?\\C:\\Users\\pfole\\source\\repos\\DarkDash\\DarkDash\\Release\\Build\\DarkDash\\themes\\cyberpunk_purple\\assets\\raw\\s3_001.png" at sector 13099
  [319/900] Added file: "\\\\?\\C:\\Users\\pfole\\source\\repos\\DarkDash\\DarkDash\\Release\\Build\\DarkDash\\themes\\cyberpunk_purple\\assets\\raw\\s3_003.png" at sector 13219
  [320/900] Added file: "\\\\?\\C:\\Users\\pfole\\source\\repos\\DarkDash\\DarkDash\\Release\\Build\\DarkDash\\themes\\cyberpunk_purple\\assets\\raw\\s3_011.png" at sector 13283
  [321/900] Added file: "\\\\?\\C:\\Users\\pfole\\source\\repos\\DarkDash\\DarkDash\\Release\\Build\\DarkDash\\themes\\cyberpunk_purple\\assets\\raw\\s3_010.png" at sector 13333
  [322/900] Added file: "\\\\?\\C:\\Users\\pfole\\source\\repos\\DarkDash\\DarkDash\\Release\\Build\\DarkDash\\themes\\cyberpunk_purple\\assets\\raw\\s3_012.png" at sector 13365
  [323/900] Added file: "\\\\?\\C:\\Users\\pfole\\source\\repos\\DarkDash\\DarkDash\\Release\\Build\\DarkDash\\themes\\cyberpunk_purple\\assets\\raw\\s4_023.png" at sector 13382
  [324/900] Added file: "\\\\?\\C:\\Users\\pfole\\source\\repos\\DarkDash\\DarkDash\\Release\\Build\\DarkDash\\themes\\cyberpunk_purple\\assets\\raw\\s3_029.png" at sector 13399
  [325/900] Added file: "\\\\?\\C:\\Users\\pfole\\source\\repos\\DarkDash\\DarkDash\\Release\\Build\\DarkDash\\themes\\cyberpunk_purple\\assets\\raw\\s3_021.png" at sector 13403
  [326/900] Added file: "\\\\?\\C:\\Users\\pfole\\source\\repos\\DarkDash\\DarkDash\\Release\\Build\\DarkDash\\themes\\cyberpunk_purple\\assets\\raw\\s3_017.png" at sector 13434
  [327/900] Added file: "\\\\?\\C:\\Users\\pfole\\source\\repos\\DarkDash\\DarkDash\\Release\\Build\\DarkDash\\themes\\cyberpunk_purple\\assets\\raw\\s3_015.png" at sector 13448
  [328/900] Added file: "\\\\?\\C:\\Users\\pfole\\source\\repos\\DarkDash\\DarkDash\\Release\\Build\\DarkDash\\themes\\cyberpunk_purple\\assets\\raw\\s3_014.png" at sector 13475
  [329/900] Added file: "\\\\?\\C:\\Users\\pfole\\source\\repos\\DarkDash\\DarkDash\\Release\\Build\\DarkDash\\themes\\cyberpunk_purple\\assets\\raw\\s3_016.png" at sector 13544
  [330/900] Added file: "\\\\?\\C:\\Users\\pfole\\source\\repos\\DarkDash\\DarkDash\\Release\\Build\\DarkDash\\themes\\cyberpunk_purple\\assets\\raw\\s3_019.png" at sector 13557
  [331/900] Added file: "\\\\?\\C:\\Users\\pfole\\source\\repos\\DarkDash\\DarkDash\\Release\\Build\\DarkDash\\themes\\cyberpunk_purple\\assets\\raw\\s3_018.png" at sector 13567
  [332/900] Added file: "\\\\?\\C:\\Users\\pfole\\source\\repos\\DarkDash\\DarkDash\\Release\\Build\\DarkDash\\themes\\cyberpunk_purple\\assets\\raw\\s3_020.png" at sector 13579
  [333/900] Added file: "\\\\?\\C:\\Users\\pfole\\source\\repos\\DarkDash\\DarkDash\\Release\\Build\\DarkDash\\themes\\cyberpunk_purple\\assets\\raw\\s3_025.png" at sector 13590
  [334/900] Added file: "\\\\?\\C:\\Users\\pfole\\source\\repos\\DarkDash\\DarkDash\\Release\\Build\\DarkDash\\themes\\cyberpunk_purple\\assets\\raw\\s3_023.png" at sector 13605
  [335/900] Added file: "\\\\?\\C:\\Users\\pfole\\source\\repos\\DarkDash\\DarkDash\\Release\\Build\\DarkDash\\themes\\cyberpunk_purple\\assets\\raw\\s3_022.png" at sector 13614
  [336/900] Added file: "\\\\?\\C:\\Users\\pfole\\source\\repos\\DarkDash\\DarkDash\\Release\\Build\\DarkDash\\themes\\cyberpunk_purple\\assets\\raw\\s3_024.png" at sector 13632
  [337/900] Added file: "\\\\?\\C:\\Users\\pfole\\source\\repos\\DarkDash\\DarkDash\\Release\\Build\\DarkDash\\themes\\cyberpunk_purple\\assets\\raw\\s3_027.png" at sector 13641
  [338/900] Added file: "\\\\?\\C:\\Users\\pfole\\source\\repos\\DarkDash\\DarkDash\\Release\\Build\\DarkDash\\themes\\cyberpunk_purple\\assets\\raw\\s3_026.png" at sector 13663
  [339/900] Added file: "\\\\?\\C:\\Users\\pfole\\source\\repos\\DarkDash\\DarkDash\\Release\\Build\\DarkDash\\themes\\cyberpunk_purple\\assets\\raw\\s3_028.png" at sector 13672
  [340/900] Added file: "\\\\?\\C:\\Users\\pfole\\source\\repos\\DarkDash\\DarkDash\\Release\\Build\\DarkDash\\themes\\cyberpunk_purple\\assets\\raw\\s3_043.png" at sector 13695
  [341/900] Added file: "\\\\?\\C:\\Users\\pfole\\source\\repos\\DarkDash\\DarkDash\\Release\\Build\\DarkDash\\themes\\cyberpunk_purple\\assets\\raw\\s3_039.png" at sector 13703
  [342/900] Added file: "\\\\?\\C:\\Users\\pfole\\source\\repos\\DarkDash\\DarkDash\\Release\\Build\\DarkDash\\themes\\cyberpunk_purple\\assets\\raw\\s3_037.png" at sector 13709
  [343/900] Added file: "\\\\?\\C:\\Users\\pfole\\source\\repos\\DarkDash\\DarkDash\\Release\\Build\\DarkDash\\themes\\cyberpunk_purple\\assets\\raw\\s3_032.png" at sector 13724
  [344/900] Added file: "\\\\?\\C:\\Users\\pfole\\source\\repos\\DarkDash\\DarkDash\\Release\\Build\\DarkDash\\themes\\cyberpunk_purple\\assets\\raw\\s3_038.png" at sector 13729
  [345/900] Added file: "\\\\?\\C:\\Users\\pfole\\source\\repos\\DarkDash\\DarkDash\\Release\\Build\\DarkDash\\themes\\cyberpunk_purple\\assets\\raw\\s3_041.png" at sector 13734
  [346/900] Added file: "\\\\?\\C:\\Users\\pfole\\source\\repos\\DarkDash\\DarkDash\\Release\\Build\\DarkDash\\themes\\cyberpunk_purple\\assets\\raw\\s3_040.png" at sector 13738
  [347/900] Added file: "\\\\?\\C:\\Users\\pfole\\source\\repos\\DarkDash\\DarkDash\\Release\\Build\\DarkDash\\themes\\cyberpunk_purple\\assets\\raw\\s3_042.png" at sector 13741
  [348/900] Added file: "\\\\?\\C:\\Users\\pfole\\source\\repos\\DarkDash\\DarkDash\\Release\\Build\\DarkDash\\themes\\cyberpunk_purple\\assets\\raw\\s3_047.png" at sector 13744
  [349/900] Added file: "\\\\?\\C:\\Users\\pfole\\source\\repos\\DarkDash\\DarkDash\\Release\\Build\\DarkDash\\themes\\cyberpunk_purple\\assets\\raw\\s3_045.png" at sector 13749
  [350/900] Added file: "\\\\?\\C:\\Users\\pfole\\source\\repos\\DarkDash\\DarkDash\\Release\\Build\\DarkDash\\themes\\cyberpunk_purple\\assets\\raw\\s3_044.png" at sector 13758
  [351/900] Added file: "\\\\?\\C:\\Users\\pfole\\source\\repos\\DarkDash\\DarkDash\\Release\\Build\\DarkDash\\themes\\cyberpunk_purple\\assets\\raw\\s3_046.png" at sector 13795
  [352/900] Added file: "\\\\?\\C:\\Users\\pfole\\source\\repos\\DarkDash\\DarkDash\\Release\\Build\\DarkDash\\themes\\cyberpunk_purple\\assets\\raw\\s3_049.png" at sector 13801
  [353/900] Added file: "\\\\?\\C:\\Users\\pfole\\source\\repos\\DarkDash\\DarkDash\\Release\\Build\\DarkDash\\themes\\cyberpunk_purple\\assets\\raw\\s3_048.png" at sector 13805
  [354/900] Added file: "\\\\?\\C:\\Users\\pfole\\source\\repos\\DarkDash\\DarkDash\\Release\\Build\\DarkDash\\themes\\cyberpunk_purple\\assets\\raw\\s3_050.png" at sector 13810
  [355/900] Added file: "\\\\?\\C:\\Users\\pfole\\source\\repos\\DarkDash\\DarkDash\\Release\\Build\\DarkDash\\themes\\cyberpunk_purple\\assets\\raw\\s4_091.png" at sector 13814
  [356/900] Added file: "\\\\?\\C:\\Users\\pfole\\source\\repos\\DarkDash\\DarkDash\\Release\\Build\\DarkDash\\themes\\cyberpunk_purple\\assets\\raw\\s4_054.png" at sector 13819
  [357/900] Added file: "\\\\?\\C:\\Users\\pfole\\source\\repos\\DarkDash\\DarkDash\\Release\\Build\\DarkDash\\themes\\cyberpunk_purple\\assets\\raw\\s4_027.png" at sector 13830
  [358/900] Added file: "\\\\?\\C:\\Users\\pfole\\source\\repos\\DarkDash\\DarkDash\\Release\\Build\\DarkDash\\themes\\cyberpunk_purple\\assets\\raw\\s4_025.png" at sector 13871
  [359/900] Added file: "\\\\?\\C:\\Users\\pfole\\source\\repos\\DarkDash\\DarkDash\\Release\\Build\\DarkDash\\themes\\cyberpunk_purple\\assets\\raw\\s4_024.png" at sector 13882
  [360/900] Added file: "\\\\?\\C:\\Users\\pfole\\source\\repos\\DarkDash\\DarkDash\\Release\\Build\\DarkDash\\themes\\cyberpunk_purple\\assets\\raw\\s4_026.png" at sector 13897
  [361/900] Added file: "\\\\?\\C:\\Users\\pfole\\source\\repos\\DarkDash\\DarkDash\\Release\\Build\\DarkDash\\themes\\cyberpunk_purple\\assets\\raw\\s4_038.png" at sector 13931
  [362/900] Added file: "\\\\?\\C:\\Users\\pfole\\source\\repos\\DarkDash\\DarkDash\\Release\\Build\\DarkDash\\themes\\cyberpunk_purple\\assets\\raw\\s4_033.png" at sector 13945
  [363/900] Added file: "\\\\?\\C:\\Users\\pfole\\source\\repos\\DarkDash\\DarkDash\\Release\\Build\\DarkDash\\themes\\cyberpunk_purple\\assets\\raw\\s4_053.png" at sector 13962
  [364/900] Added file: "\\\\?\\C:\\Users\\pfole\\source\\repos\\DarkDash\\DarkDash\\Release\\Build\\DarkDash\\themes\\cyberpunk_purple\\assets\\raw\\s4_078.png" at sector 13972
  [365/900] Added file: "\\\\?\\C:\\Users\\pfole\\source\\repos\\DarkDash\\DarkDash\\Release\\Build\\DarkDash\\themes\\cyberpunk_purple\\assets\\raw\\s4_056.png" at sector 13987
  [366/900] Added file: "\\\\?\\C:\\Users\\pfole\\source\\repos\\DarkDash\\DarkDash\\Release\\Build\\DarkDash\\themes\\cyberpunk_purple\\assets\\raw\\s4_055.png" at sector 13998
  [367/900] Added file: "\\\\?\\C:\\Users\\pfole\\source\\repos\\DarkDash\\DarkDash\\Release\\Build\\DarkDash\\themes\\cyberpunk_purple\\assets\\raw\\s4_061.png" at sector 14008
  [368/900] Added file: "\\\\?\\C:\\Users\\pfole\\source\\repos\\DarkDash\\DarkDash\\Release\\Build\\DarkDash\\themes\\cyberpunk_purple\\assets\\raw\\s4_080.png" at sector 14022
  [369/900] Added file: "\\\\?\\C:\\Users\\pfole\\source\\repos\\DarkDash\\DarkDash\\Release\\Build\\DarkDash\\themes\\cyberpunk_purple\\assets\\raw\\s4_079.png" at sector 14029
  [370/900] Added file: "\\\\?\\C:\\Users\\pfole\\source\\repos\\DarkDash\\DarkDash\\Release\\Build\\DarkDash\\themes\\cyberpunk_purple\\assets\\raw\\s4_081.png" at sector 14036
  [371/900] Added file: "\\\\?\\C:\\Users\\pfole\\source\\repos\\DarkDash\\DarkDash\\Release\\Build\\DarkDash\\themes\\cyberpunk_purple\\assets\\raw\\s4_097.png" at sector 14043
  [372/900] Added file: "\\\\?\\C:\\Users\\pfole\\source\\repos\\DarkDash\\DarkDash\\Release\\Build\\DarkDash\\themes\\cyberpunk_purple\\assets\\raw\\s4_095.png" at sector 14052
  [373/900] Added file: "\\\\?\\C:\\Users\\pfole\\source\\repos\\DarkDash\\DarkDash\\Release\\Build\\DarkDash\\themes\\cyberpunk_purple\\assets\\raw\\s4_094.png" at sector 14063
  [374/900] Added file: "\\\\?\\C:\\Users\\pfole\\source\\repos\\DarkDash\\DarkDash\\Release\\Build\\DarkDash\\themes\\cyberpunk_purple\\assets\\raw\\s4_096.png" at sector 14072
  [375/900] Added file: "\\\\?\\C:\\Users\\pfole\\source\\repos\\DarkDash\\DarkDash\\Release\\Build\\DarkDash\\themes\\cyberpunk_purple\\assets\\raw\\s4_114.png" at sector 14083
  [376/900] Added file: "\\\\?\\C:\\Users\\pfole\\source\\repos\\DarkDash\\DarkDash\\Release\\Build\\DarkDash\\themes\\cyberpunk_purple\\assets\\raw\\s4_113.png" at sector 14091
  [377/900] Added file: "\\\\?\\C:\\Users\\pfole\\source\\repos\\DarkDash\\DarkDash\\Release\\Build\\DarkDash\\themes\\cyberpunk_purple\\assets\\raw\\s4_123.png" at sector 14101
  [378/900] Added file: "\\\\?\\C:\\Users\\pfole\\source\\repos\\DarkDash\\DarkDash\\Release\\Build\\DarkDash\\themes\\cyberpunk_purple\\assets\\raw\\s4_122.png" at sector 14108
  [379/900] Added file: "\\\\?\\C:\\Users\\pfole\\source\\repos\\DarkDash\\DarkDash\\Release\\Build\\DarkDash\\themes\\cyberpunk_purple\\assets\\raw\\s4_124.png" at sector 14119
  [380/900] Added dir: "\\\\?\\C:\\Users\\pfole\\source\\repos\\DarkDash\\DarkDash\\Release\\Build\\DarkDash\\themes\\darkone_afterhours" at sector 8852
  [381/900] Added file: "\\\\?\\C:\\Users\\pfole\\source\\repos\\DarkDash\\DarkDash\\Release\\Build\\DarkDash\\themes\\darkone_afterhours\\README.txt" at sector 14125
  [382/900] Added file: "\\\\?\\C:\\Users\\pfole\\source\\repos\\DarkDash\\DarkDash\\Release\\Build\\DarkDash\\themes\\darkone_afterhours\\assets" at sector 14126
  [383/900] Added file: "\\\\?\\C:\\Users\\pfole\\source\\repos\\DarkDash\\DarkDash\\Release\\Build\\DarkDash\\themes\\darkone_afterhours\\theme.ini" at sector 14127
  [384/900] Added dir: "\\\\?\\C:\\Users\\pfole\\source\\repos\\DarkDash\\DarkDash\\Release\\Build\\DarkDash\\themes\\darkone_afterhours\\assets" at sector 14126
  [385/900] Added file: "\\\\?\\C:\\Users\\pfole\\source\\repos\\DarkDash\\DarkDash\\Release\\Build\\DarkDash\\themes\\darkone_afterhours\\assets\\frame_status.png" at sector 14130
  [386/900] Added file: "\\\\?\\C:\\Users\\pfole\\source\\repos\\DarkDash\\DarkDash\\Release\\Build\\DarkDash\\themes\\darkone_afterhours\\assets\\frame_library.png" at sector 14141
  [387/900] Added file: "\\\\?\\C:\\Users\\pfole\\source\\repos\\DarkDash\\DarkDash\\Release\\Build\\DarkDash\\themes\\darkone_afterhours\\assets\\card_recent.png" at sector 14156
  [388/900] Added file: "\\\\?\\C:\\Users\\pfole\\source\\repos\\DarkDash\\DarkDash\\Release\\Build\\DarkDash\\themes\\darkone_afterhours\\assets\\bar_header.png" at sector 14167
  [389/900] Added file: "\\\\?\\C:\\Users\\pfole\\source\\repos\\DarkDash\\DarkDash\\Release\\Build\\DarkDash\\themes\\darkone_afterhours\\assets\\bar_footer.png" at sector 14174
  [390/900] Added file: "\\\\?\\C:\\Users\\pfole\\source\\repos\\DarkDash\\DarkDash\\Release\\Build\\DarkDash\\themes\\darkone_afterhours\\assets\\bg.png" at sector 14184
  [391/900] Added file: "\\\\?\\C:\\Users\\pfole\\source\\repos\\DarkDash\\DarkDash\\Release\\Build\\DarkDash\\themes\\darkone_afterhours\\assets\\frame_card_small.png" at sector 14194
  [392/900] Added file: "\\\\?\\C:\\Users\\pfole\\source\\repos\\DarkDash\\DarkDash\\Release\\Build\\DarkDash\\themes\\darkone_afterhours\\assets\\frame_card_blank.png" at sector 14201
  [393/900] Added file: "\\\\?\\C:\\Users\\pfole\\source\\repos\\DarkDash\\DarkDash\\Release\\Build\\DarkDash\\themes\\darkone_afterhours\\assets\\frame_featured.png" at sector 14234
  [394/900] Added file: "\\\\?\\C:\\Users\\pfole\\source\\repos\\DarkDash\\DarkDash\\Release\\Build\\DarkDash\\themes\\darkone_afterhours\\assets\\frame_menu_v.png" at sector 14249
  [395/900] Added file: "\\\\?\\C:\\Users\\pfole\\source\\repos\\DarkDash\\DarkDash\\Release\\Build\\DarkDash\\themes\\darkone_afterhours\\assets\\frame_menu_h.png" at sector 14267
  [396/900] Added file: "\\\\?\\C:\\Users\\pfole\\source\\repos\\DarkDash\\DarkDash\\Release\\Build\\DarkDash\\themes\\darkone_afterhours\\assets\\frame_media.png" at sector 14282
  [397/900] Added file: "\\\\?\\C:\\Users\\pfole\\source\\repos\\DarkDash\\DarkDash\\Release\\Build\\DarkDash\\themes\\darkone_afterhours\\assets\\frame_menu_h_selected.png" at sector 14295
  [398/900] Added file: "\\\\?\\C:\\Users\\pfole\\source\\repos\\DarkDash\\DarkDash\\Release\\Build\\DarkDash\\themes\\darkone_afterhours\\assets\\frame_nowplaying.png" at sector 14309
  [399/900] Added file: "\\\\?\\C:\\Users\\pfole\\source\\repos\\DarkDash\\DarkDash\\Release\\Build\\DarkDash\\themes\\darkone_afterhours\\assets\\frame_network.png" at sector 14321
  [400/900] Added file: "\\\\?\\C:\\Users\\pfole\\source\\repos\\DarkDash\\DarkDash\\Release\\Build\\DarkDash\\themes\\darkone_afterhours\\assets\\frame_recent.png" at sector 14337
  [401/900] Added file: "\\\\?\\C:\\Users\\pfole\\source\\repos\\DarkDash\\DarkDash\\Release\\Build\\DarkDash\\themes\\darkone_afterhours\\assets\\panel_loading.png" at sector 14349
  [402/900] Added file: "\\\\?\\C:\\Users\\pfole\\source\\repos\\DarkDash\\DarkDash\\Release\\Build\\DarkDash\\themes\\darkone_afterhours\\assets\\icon_settings.png" at sector 14358
  [403/900] Added file: "\\\\?\\C:\\Users\\pfole\\source\\repos\\DarkDash\\DarkDash\\Release\\Build\\DarkDash\\themes\\darkone_afterhours\\assets\\icon_games.png" at sector 14371
  [404/900] Added file: "\\\\?\\C:\\Users\\pfole\\source\\repos\\DarkDash\\DarkDash\\Release\\Build\\DarkDash\\themes\\darkone_afterhours\\assets\\globe.png" at sector 14383
  [405/900] Added file: "\\\\?\\C:\\Users\\pfole\\source\\repos\\DarkDash\\DarkDash\\Release\\Build\\DarkDash\\themes\\darkone_afterhours\\assets\\frame_storage.png" at sector 14446
  [406/900] Added file: "\\\\?\\C:\\Users\\pfole\\source\\repos\\DarkDash\\DarkDash\\Release\\Build\\DarkDash\\themes\\darkone_afterhours\\assets\\icon_apps.png" at sector 14458
  [407/900] Added file: "\\\\?\\C:\\Users\\pfole\\source\\repos\\DarkDash\\DarkDash\\Release\\Build\\DarkDash\\themes\\darkone_afterhours\\assets\\icon_network.png" at sector 14470
  [408/900] Added file: "\\\\?\\C:\\Users\\pfole\\source\\repos\\DarkDash\\DarkDash\\Release\\Build\\DarkDash\\themes\\darkone_afterhours\\assets\\icon_media.png" at sector 14483
  [409/900] Added file: "\\\\?\\C:\\Users\\pfole\\source\\repos\\DarkDash\\DarkDash\\Release\\Build\\DarkDash\\themes\\darkone_afterhours\\assets\\icon_saves.png" at sector 14495
  [410/900] Added file: "\\\\?\\C:\\Users\\pfole\\source\\repos\\DarkDash\\DarkDash\\Release\\Build\\DarkDash\\themes\\darkone_afterhours\\assets\\module_storage.png" at sector 14507
  [411/900] Added file: "\\\\?\\C:\\Users\\pfole\\source\\repos\\DarkDash\\DarkDash\\Release\\Build\\DarkDash\\themes\\darkone_afterhours\\assets\\module_media.png" at sector 14518
  [412/900] Added file: "\\\\?\\C:\\Users\\pfole\\source\\repos\\DarkDash\\DarkDash\\Release\\Build\\DarkDash\\themes\\darkone_afterhours\\assets\\manifest.json" at sector 14528
  [413/900] Added file: "\\\\?\\C:\\Users\\pfole\\source\\repos\\DarkDash\\DarkDash\\Release\\Build\\DarkDash\\themes\\darkone_afterhours\\assets\\module_status.png" at sector 14531
  [414/900] Added file: "\\\\?\\C:\\Users\\pfole\\source\\repos\\DarkDash\\DarkDash\\Release\\Build\\DarkDash\\themes\\darkone_afterhours\\assets\\orb_small.png" at sector 14541
  [415/900] Added file: "\\\\?\\C:\\Users\\pfole\\source\\repos\\DarkDash\\DarkDash\\Release\\Build\\DarkDash\\themes\\darkone_afterhours\\assets\\orb_hero.png" at sector 14571
  [416/900] Added file: "\\\\?\\C:\\Users\\pfole\\source\\repos\\DarkDash\\DarkDash\\Release\\Build\\DarkDash\\themes\\darkone_afterhours\\assets\\overlay_selection_glow.png" at sector 14681
  [417/900] Added file: "\\\\?\\C:\\Users\\pfole\\source\\repos\\DarkDash\\DarkDash\\Release\\Build\\DarkDash\\themes\\darkone_afterhours\\assets\\raw" at sector 14703
  [418/900] Added file: "\\\\?\\C:\\Users\\pfole\\source\\repos\\DarkDash\\DarkDash\\Release\\Build\\DarkDash\\themes\\darkone_afterhours\\assets\\plaque_signedin.png" at sector 14705
  [419/900] Added file: "\\\\?\\C:\\Users\\pfole\\source\\repos\\DarkDash\\DarkDash\\Release\\Build\\DarkDash\\themes\\darkone_afterhours\\assets\\plaque_freespace.png" at sector 14712
  [420/900] Added file: "\\\\?\\C:\\Users\\pfole\\source\\repos\\DarkDash\\DarkDash\\Release\\Build\\DarkDash\\themes\\darkone_afterhours\\assets\\plaque_datetime.png" at sector 14719
  [421/900] Added file: "\\\\?\\C:\\Users\\pfole\\source\\repos\\DarkDash\\DarkDash\\Release\\Build\\DarkDash\\themes\\darkone_afterhours\\assets\\plaque_info.png" at sector 14727
  [422/900] Added file: "\\\\?\\C:\\Users\\pfole\\source\\repos\\DarkDash\\DarkDash\\Release\\Build\\DarkDash\\themes\\darkone_afterhours\\assets\\platform_long.png" at sector 14735
  [423/900] Added file: "\\\\?\\C:\\Users\\pfole\\source\\repos\\DarkDash\\DarkDash\\Release\\Build\\DarkDash\\themes\\darkone_afterhours\\assets\\plaque_toast.png" at sector 14802
  [424/900] Added file: "\\\\?\\C:\\Users\\pfole\\source\\repos\\DarkDash\\DarkDash\\Release\\Build\\DarkDash\\themes\\darkone_afterhours\\assets\\platform_round.png" at sector 14809
  [425/900] Added file: "\\\\?\\C:\\Users\\pfole\\source\\repos\\DarkDash\\DarkDash\\Release\\Build\\DarkDash\\themes\\darkone_afterhours\\assets\\tab_v_selected.png" at sector 14877
  [426/900] Added file: "\\\\?\\C:\\Users\\pfole\\source\\repos\\DarkDash\\DarkDash\\Release\\Build\\DarkDash\\themes\\darkone_afterhours\\assets\\tab_h_selected.png" at sector 14891
  [427/900] Added file: "\\\\?\\C:\\Users\\pfole\\source\\repos\\DarkDash\\DarkDash\\Release\\Build\\DarkDash\\themes\\darkone_afterhours\\assets\\tab_h_normal.png" at sector 14900
  [428/900] Added file: "\\\\?\\C:\\Users\\pfole\\source\\repos\\DarkDash\\DarkDash\\Release\\Build\\DarkDash\\themes\\darkone_afterhours\\assets\\tab_v_normal.png" at sector 14909
  [429/900] Added file: "\\\\?\\C:\\Users\\pfole\\source\\repos\\DarkDash\\DarkDash\\Release\\Build\\DarkDash\\themes\\darkone_afterhours\\assets\\tile_cover_small_blank.png" at sector 14923
  [430/900] Added file: "\\\\?\\C:\\Users\\pfole\\source\\repos\\DarkDash\\DarkDash\\Release\\Build\\DarkDash\\themes\\darkone_afterhours\\assets\\tile_cover_medium_blank.png" at sector 14931
  [431/900] Added file: "\\\\?\\C:\\Users\\pfole\\source\\repos\\DarkDash\\DarkDash\\Release\\Build\\DarkDash\\themes\\darkone_afterhours\\assets\\tile_feature_blank.png" at sector 14940
  [432/900] Added dir: "\\\\?\\C:\\Users\\pfole\\source\\repos\\DarkDash\\DarkDash\\Release\\Build\\DarkDash\\themes\\darkone_afterhours\\assets\\raw" at sector 14703
  [433/900] Added file: "\\\\?\\C:\\Users\\pfole\\source\\repos\\DarkDash\\DarkDash\\Release\\Build\\DarkDash\\themes\\darkone_afterhours\\assets\\raw\\s3_013.png" at sector 14952
  [434/900] Added file: "\\\\?\\C:\\Users\\pfole\\source\\repos\\DarkDash\\DarkDash\\Release\\Build\\DarkDash\\themes\\darkone_afterhours\\assets\\raw\\s2_016.png" at sector 14971
  [435/900] Added file: "\\\\?\\C:\\Users\\pfole\\source\\repos\\DarkDash\\DarkDash\\Release\\Build\\DarkDash\\themes\\darkone_afterhours\\assets\\raw\\s1_102.png" at sector 14983
  [436/900] Added file: "\\\\?\\C:\\Users\\pfole\\source\\repos\\DarkDash\\DarkDash\\Release\\Build\\DarkDash\\themes\\darkone_afterhours\\assets\\raw\\s1_057.png" at sector 14990
  [437/900] Added file: "\\\\?\\C:\\Users\\pfole\\source\\repos\\DarkDash\\DarkDash\\Release\\Build\\DarkDash\\themes\\darkone_afterhours\\assets\\raw\\s1_033.png" at sector 15002
  [438/900] Added file: "\\\\?\\C:\\Users\\pfole\\source\\repos\\DarkDash\\DarkDash\\Release\\Build\\DarkDash\\themes\\darkone_afterhours\\assets\\raw\\s1_019.png" at sector 15017
  [439/900] Added file: "\\\\?\\C:\\Users\\pfole\\source\\repos\\DarkDash\\DarkDash\\Release\\Build\\DarkDash\\themes\\darkone_afterhours\\assets\\raw\\s1_018.png" at sector 15031
  [440/900] Added file: "\\\\?\\C:\\Users\\pfole\\source\\repos\\DarkDash\\DarkDash\\Release\\Build\\DarkDash\\themes\\darkone_afterhours\\assets\\raw\\s1_020.png" at sector 15046
  [441/900] Added file: "\\\\?\\C:\\Users\\pfole\\source\\repos\\DarkDash\\DarkDash\\Release\\Build\\DarkDash\\themes\\darkone_afterhours\\assets\\raw\\s1_055.png" at sector 15064
  [442/900] Added file: "\\\\?\\C:\\Users\\pfole\\source\\repos\\DarkDash\\DarkDash\\Release\\Build\\DarkDash\\themes\\darkone_afterhours\\assets\\raw\\s1_034.png" at sector 15077
  [443/900] Added file: "\\\\?\\C:\\Users\\pfole\\source\\repos\\DarkDash\\DarkDash\\Release\\Build\\DarkDash\\themes\\darkone_afterhours\\assets\\raw\\s1_056.png" at sector 15092
  [444/900] Added file: "\\\\?\\C:\\Users\\pfole\\source\\repos\\DarkDash\\DarkDash\\Release\\Build\\DarkDash\\themes\\darkone_afterhours\\assets\\raw\\s1_082.png" at sector 15108
  [445/900] Added file: "\\\\?\\C:\\Users\\pfole\\source\\repos\\DarkDash\\DarkDash\\Release\\Build\\DarkDash\\themes\\darkone_afterhours\\assets\\raw\\s1_068.png" at sector 15115
  [446/900] Added file: "\\\\?\\C:\\Users\\pfole\\source\\repos\\DarkDash\\DarkDash\\Release\\Build\\DarkDash\\themes\\darkone_afterhours\\assets\\raw\\s1_058.png" at sector 15127
  [447/900] Added file: "\\\\?\\C:\\Users\\pfole\\source\\repos\\DarkDash\\DarkDash\\Release\\Build\\DarkDash\\themes\\darkone_afterhours\\assets\\raw\\s1_075.png" at sector 15138
  [448/900] Added file: "\\\\?\\C:\\Users\\pfole\\source\\repos\\DarkDash\\DarkDash\\Release\\Build\\DarkDash\\themes\\darkone_afterhours\\assets\\raw\\s1_089.png" at sector 15150
  [449/900] Added file: "\\\\?\\C:\\Users\\pfole\\source\\repos\\DarkDash\\DarkDash\\Release\\Build\\DarkDash\\themes\\darkone_afterhours\\assets\\raw\\s1_083.png" at sector 15160
  [450/900] Added file: "\\\\?\\C:\\Users\\pfole\\source\\repos\\DarkDash\\DarkDash\\Release\\Build\\DarkDash\\themes\\darkone_afterhours\\assets\\raw\\s1_101.png" at sector 15167
  [451/900] Added file: "\\\\?\\C:\\Users\\pfole\\source\\repos\\DarkDash\\DarkDash\\Release\\Build\\DarkDash\\themes\\darkone_afterhours\\assets\\raw\\s2_008.png" at sector 15189
  [452/900] Added file: "\\\\?\\C:\\Users\\pfole\\source\\repos\\DarkDash\\DarkDash\\Release\\Build\\DarkDash\\themes\\darkone_afterhours\\assets\\raw\\s2_004.png" at sector 15202
  [453/900] Added file: "\\\\?\\C:\\Users\\pfole\\source\\repos\\DarkDash\\DarkDash\\Release\\Build\\DarkDash\\themes\\darkone_afterhours\\assets\\raw\\s2_002.png" at sector 15213
  [454/900] Added file: "\\\\?\\C:\\Users\\pfole\\source\\repos\\DarkDash\\DarkDash\\Release\\Build\\DarkDash\\themes\\darkone_afterhours\\assets\\raw\\s2_001.png" at sector 15225
  [455/900] Added file: "\\\\?\\C:\\Users\\pfole\\source\\repos\\DarkDash\\DarkDash\\Release\\Build\\DarkDash\\themes\\darkone_afterhours\\assets\\raw\\s2_003.png" at sector 15238
  [456/900] Added file: "\\\\?\\C:\\Users\\pfole\\source\\repos\\DarkDash\\DarkDash\\Release\\Build\\DarkDash\\themes\\darkone_afterhours\\assets\\raw\\s2_006.png" at sector 15250
  [457/900] Added file: "\\\\?\\C:\\Users\\pfole\\source\\repos\\DarkDash\\DarkDash\\Release\\Build\\DarkDash\\themes\\darkone_afterhours\\assets\\raw\\s2_005.png" at sector 15262
  [458/900] Added file: "\\\\?\\C:\\Users\\pfole\\source\\repos\\DarkDash\\DarkDash\\Release\\Build\\DarkDash\\themes\\darkone_afterhours\\assets\\raw\\s2_007.png" at sector 15274
  [459/900] Added file: "\\\\?\\C:\\Users\\pfole\\source\\repos\\DarkDash\\DarkDash\\Release\\Build\\DarkDash\\themes\\darkone_afterhours\\assets\\raw\\s2_012.png" at sector 15288
  [460/900] Added file: "\\\\?\\C:\\Users\\pfole\\source\\repos\\DarkDash\\DarkDash\\Release\\Build\\DarkDash\\themes\\darkone_afterhours\\assets\\raw\\s2_010.png" at sector 15300
  [461/900] Added file: "\\\\?\\C:\\Users\\pfole\\source\\repos\\DarkDash\\DarkDash\\Release\\Build\\DarkDash\\themes\\darkone_afterhours\\assets\\raw\\s2_009.png" at sector 15312
  [462/900] Added file: "\\\\?\\C:\\Users\\pfole\\source\\repos\\DarkDash\\DarkDash\\Release\\Build\\DarkDash\\themes\\darkone_afterhours\\assets\\raw\\s2_011.png" at sector 15325
  [463/900] Added file: "\\\\?\\C:\\Users\\pfole\\source\\repos\\DarkDash\\DarkDash\\Release\\Build\\DarkDash\\themes\\darkone_afterhours\\assets\\raw\\s2_014.png" at sector 15337
  [464/900] Added file: "\\\\?\\C:\\Users\\pfole\\source\\repos\\DarkDash\\DarkDash\\Release\\Build\\DarkDash\\themes\\darkone_afterhours\\assets\\raw\\s2_013.png" at sector 15350
  [465/900] Added file: "\\\\?\\C:\\Users\\pfole\\source\\repos\\DarkDash\\DarkDash\\Release\\Build\\DarkDash\\themes\\darkone_afterhours\\assets\\raw\\s2_015.png" at sector 15362
  [466/900] Added file: "\\\\?\\C:\\Users\\pfole\\source\\repos\\DarkDash\\DarkDash\\Release\\Build\\DarkDash\\themes\\darkone_afterhours\\assets\\raw\\s2_034.png" at sector 15375
  [467/900] Added file: "\\\\?\\C:\\Users\\pfole\\source\\repos\\DarkDash\\DarkDash\\Release\\Build\\DarkDash\\themes\\darkone_afterhours\\assets\\raw\\s2_024.png" at sector 15380
  [468/900] Added file: "\\\\?\\C:\\Users\\pfole\\source\\repos\\DarkDash\\DarkDash\\Release\\Build\\DarkDash\\themes\\darkone_afterhours\\assets\\raw\\s2_020.png" at sector 15391
  [469/900] Added file: "\\\\?\\C:\\Users\\pfole\\source\\repos\\DarkDash\\DarkDash\\Release\\Build\\DarkDash\\themes\\darkone_afterhours\\assets\\raw\\s2_018.png" at sector 15403
  [470/900] Added file: "\\\\?\\C:\\Users\\pfole\\source\\repos\\DarkDash\\DarkDash\\Release\\Build\\DarkDash\\themes\\darkone_afterhours\\assets\\raw\\s2_017.png" at sector 15415
  [471/900] Added file: "\\\\?\\C:\\Users\\pfole\\source\\repos\\DarkDash\\DarkDash\\Release\\Build\\DarkDash\\themes\\darkone_afterhours\\assets\\raw\\s2_019.png" at sector 15428
  [472/900] Added file: "\\\\?\\C:\\Users\\pfole\\source\\repos\\DarkDash\\DarkDash\\Release\\Build\\DarkDash\\themes\\darkone_afterhours\\assets\\raw\\s2_022.png" at sector 15442
  [473/900] Added file: "\\\\?\\C:\\Users\\pfole\\source\\repos\\DarkDash\\DarkDash\\Release\\Build\\DarkDash\\themes\\darkone_afterhours\\assets\\raw\\s2_021.png" at sector 15453
  [474/900] Added file: "\\\\?\\C:\\Users\\pfole\\source\\repos\\DarkDash\\DarkDash\\Release\\Build\\DarkDash\\themes\\darkone_afterhours\\assets\\raw\\s2_023.png" at sector 15464
  [475/900] Added file: "\\\\?\\C:\\Users\\pfole\\source\\repos\\DarkDash\\DarkDash\\Release\\Build\\DarkDash\\themes\\darkone_afterhours\\assets\\raw\\s2_028.png" at sector 15474
  [476/900] Added file: "\\\\?\\C:\\Users\\pfole\\source\\repos\\DarkDash\\DarkDash\\Release\\Build\\DarkDash\\themes\\darkone_afterhours\\assets\\raw\\s2_026.png" at sector 15483
  [477/900] Added file: "\\\\?\\C:\\Users\\pfole\\source\\repos\\DarkDash\\DarkDash\\Release\\Build\\DarkDash\\themes\\darkone_afterhours\\assets\\raw\\s2_025.png" at sector 15492
  [478/900] Added file: "\\\\?\\C:\\Users\\pfole\\source\\repos\\DarkDash\\DarkDash\\Release\\Build\\DarkDash\\themes\\darkone_afterhours\\assets\\raw\\s2_027.png" at sector 15501
  [479/900] Added file: "\\\\?\\C:\\Users\\pfole\\source\\repos\\DarkDash\\DarkDash\\Release\\Build\\DarkDash\\themes\\darkone_afterhours\\assets\\raw\\s2_032.png" at sector 15510
  [480/900] Added file: "\\\\?\\C:\\Users\\pfole\\source\\repos\\DarkDash\\DarkDash\\Release\\Build\\DarkDash\\themes\\darkone_afterhours\\assets\\raw\\s2_031.png" at sector 15517
  [481/900] Added file: "\\\\?\\C:\\Users\\pfole\\source\\repos\\DarkDash\\DarkDash\\Release\\Build\\DarkDash\\themes\\darkone_afterhours\\assets\\raw\\s2_033.png" at sector 15524
  [482/900] Added file: "\\\\?\\C:\\Users\\pfole\\source\\repos\\DarkDash\\DarkDash\\Release\\Build\\DarkDash\\themes\\darkone_afterhours\\assets\\raw\\s2_056.png" at sector 15530
  [483/900] Added file: "\\\\?\\C:\\Users\\pfole\\source\\repos\\DarkDash\\DarkDash\\Release\\Build\\DarkDash\\themes\\darkone_afterhours\\assets\\raw\\s2_052.png" at sector 15539
  [484/900] Added file: "\\\\?\\C:\\Users\\pfole\\source\\repos\\DarkDash\\DarkDash\\Release\\Build\\DarkDash\\themes\\darkone_afterhours\\assets\\raw\\s2_050.png" at sector 15562
  [485/900] Added file: "\\\\?\\C:\\Users\\pfole\\source\\repos\\DarkDash\\DarkDash\\Release\\Build\\DarkDash\\themes\\darkone_afterhours\\assets\\raw\\s2_049.png" at sector 15585
  [486/900] Added file: "\\\\?\\C:\\Users\\pfole\\source\\repos\\DarkDash\\DarkDash\\Release\\Build\\DarkDash\\themes\\darkone_afterhours\\assets\\raw\\s2_051.png" at sector 15609
  [487/900] Added file: "\\\\?\\C:\\Users\\pfole\\source\\repos\\DarkDash\\DarkDash\\Release\\Build\\DarkDash\\themes\\darkone_afterhours\\assets\\raw\\s2_054.png" at sector 15633
  [488/900] Added file: "\\\\?\\C:\\Users\\pfole\\source\\repos\\DarkDash\\DarkDash\\Release\\Build\\DarkDash\\themes\\darkone_afterhours\\assets\\raw\\s2_053.png" at sector 15642
  [489/900] Added file: "\\\\?\\C:\\Users\\pfole\\source\\repos\\DarkDash\\DarkDash\\Release\\Build\\DarkDash\\themes\\darkone_afterhours\\assets\\raw\\s2_055.png" at sector 15652
  [490/900] Added file: "\\\\?\\C:\\Users\\pfole\\source\\repos\\DarkDash\\DarkDash\\Release\\Build\\DarkDash\\themes\\darkone_afterhours\\assets\\raw\\s3_004.png" at sector 15661
  [491/900] Added file: "\\\\?\\C:\\Users\\pfole\\source\\repos\\DarkDash\\DarkDash\\Release\\Build\\DarkDash\\themes\\darkone_afterhours\\assets\\raw\\s3_002.png" at sector 15729
  [492/900] Added file: "\\\\?\\C:\\Users\\pfole\\source\\repos\\DarkDash\\DarkDash\\Release\\Build\\DarkDash\\themes\\darkone_afterhours\\assets\\raw\\s3_001.png" at sector 15752
  [493/900] Added file: "\\\\?\\C:\\Users\\pfole\\source\\repos\\DarkDash\\DarkDash\\Release\\Build\\DarkDash\\themes\\darkone_afterhours\\assets\\raw\\s3_003.png" at sector 15873
  [494/900] Added file: "\\\\?\\C:\\Users\\pfole\\source\\repos\\DarkDash\\DarkDash\\Release\\Build\\DarkDash\\themes\\darkone_afterhours\\assets\\raw\\s3_011.png" at sector 15936
  [495/900] Added file: "\\\\?\\C:\\Users\\pfole\\source\\repos\\DarkDash\\DarkDash\\Release\\Build\\DarkDash\\themes\\darkone_afterhours\\assets\\raw\\s3_010.png" at sector 15986
  [496/900] Added file: "\\\\?\\C:\\Users\\pfole\\source\\repos\\DarkDash\\DarkDash\\Release\\Build\\DarkDash\\themes\\darkone_afterhours\\assets\\raw\\s3_012.png" at sector 16018
  [497/900] Added file: "\\\\?\\C:\\Users\\pfole\\source\\repos\\DarkDash\\DarkDash\\Release\\Build\\DarkDash\\themes\\darkone_afterhours\\assets\\raw\\s4_023.png" at sector 16035
  [498/900] Added file: "\\\\?\\C:\\Users\\pfole\\source\\repos\\DarkDash\\DarkDash\\Release\\Build\\DarkDash\\themes\\darkone_afterhours\\assets\\raw\\s3_029.png" at sector 16052
  [499/900] Added file: "\\\\?\\C:\\Users\\pfole\\source\\repos\\DarkDash\\DarkDash\\Release\\Build\\DarkDash\\themes\\darkone_afterhours\\assets\\raw\\s3_021.png" at sector 16056
  [500/900] Added file: "\\\\?\\C:\\Users\\pfole\\source\\repos\\DarkDash\\DarkDash\\Release\\Build\\DarkDash\\themes\\darkone_afterhours\\assets\\raw\\s3_017.png" at sector 16086
  [501/900] Added file: "\\\\?\\C:\\Users\\pfole\\source\\repos\\DarkDash\\DarkDash\\Release\\Build\\DarkDash\\themes\\darkone_afterhours\\assets\\raw\\s3_015.png" at sector 16100
  [502/900] Added file: "\\\\?\\C:\\Users\\pfole\\source\\repos\\DarkDash\\DarkDash\\Release\\Build\\DarkDash\\themes\\darkone_afterhours\\assets\\raw\\s3_014.png" at sector 16126
  [503/900] Added file: "\\\\?\\C:\\Users\\pfole\\source\\repos\\DarkDash\\DarkDash\\Release\\Build\\DarkDash\\themes\\darkone_afterhours\\assets\\raw\\s3_016.png" at sector 16193
  [504/900] Added file: "\\\\?\\C:\\Users\\pfole\\source\\repos\\DarkDash\\DarkDash\\Release\\Build\\DarkDash\\themes\\darkone_afterhours\\assets\\raw\\s3_019.png" at sector 16205
  [505/900] Added file: "\\\\?\\C:\\Users\\pfole\\source\\repos\\DarkDash\\DarkDash\\Release\\Build\\DarkDash\\themes\\darkone_afterhours\\assets\\raw\\s3_018.png" at sector 16215
  [506/900] Added file: "\\\\?\\C:\\Users\\pfole\\source\\repos\\DarkDash\\DarkDash\\Release\\Build\\DarkDash\\themes\\darkone_afterhours\\assets\\raw\\s3_020.png" at sector 16227
  [507/900] Added file: "\\\\?\\C:\\Users\\pfole\\source\\repos\\DarkDash\\DarkDash\\Release\\Build\\DarkDash\\themes\\darkone_afterhours\\assets\\raw\\s3_025.png" at sector 16238
  [508/900] Added file: "\\\\?\\C:\\Users\\pfole\\source\\repos\\DarkDash\\DarkDash\\Release\\Build\\DarkDash\\themes\\darkone_afterhours\\assets\\raw\\s3_023.png" at sector 16253
  [509/900] Added file: "\\\\?\\C:\\Users\\pfole\\source\\repos\\DarkDash\\DarkDash\\Release\\Build\\DarkDash\\themes\\darkone_afterhours\\assets\\raw\\s3_022.png" at sector 16262
  [510/900] Added file: "\\\\?\\C:\\Users\\pfole\\source\\repos\\DarkDash\\DarkDash\\Release\\Build\\DarkDash\\themes\\darkone_afterhours\\assets\\raw\\s3_024.png" at sector 16279
  [511/900] Added file: "\\\\?\\C:\\Users\\pfole\\source\\repos\\DarkDash\\DarkDash\\Release\\Build\\DarkDash\\themes\\darkone_afterhours\\assets\\raw\\s3_027.png" at sector 16288
  [512/900] Added file: "\\\\?\\C:\\Users\\pfole\\source\\repos\\DarkDash\\DarkDash\\Release\\Build\\DarkDash\\themes\\darkone_afterhours\\assets\\raw\\s3_026.png" at sector 16309
  [513/900] Added file: "\\\\?\\C:\\Users\\pfole\\source\\repos\\DarkDash\\DarkDash\\Release\\Build\\DarkDash\\themes\\darkone_afterhours\\assets\\raw\\s3_028.png" at sector 16318
  [514/900] Added file: "\\\\?\\C:\\Users\\pfole\\source\\repos\\DarkDash\\DarkDash\\Release\\Build\\DarkDash\\themes\\darkone_afterhours\\assets\\raw\\s3_043.png" at sector 16340
  [515/900] Added file: "\\\\?\\C:\\Users\\pfole\\source\\repos\\DarkDash\\DarkDash\\Release\\Build\\DarkDash\\themes\\darkone_afterhours\\assets\\raw\\s3_039.png" at sector 16348
  [516/900] Added file: "\\\\?\\C:\\Users\\pfole\\source\\repos\\DarkDash\\DarkDash\\Release\\Build\\DarkDash\\themes\\darkone_afterhours\\assets\\raw\\s3_037.png" at sector 16354
  [517/900] Added file: "\\\\?\\C:\\Users\\pfole\\source\\repos\\DarkDash\\DarkDash\\Release\\Build\\DarkDash\\themes\\darkone_afterhours\\assets\\raw\\s3_032.png" at sector 16370
  [518/900] Added file: "\\\\?\\C:\\Users\\pfole\\source\\repos\\DarkDash\\DarkDash\\Release\\Build\\DarkDash\\themes\\darkone_afterhours\\assets\\raw\\s3_038.png" at sector 16375
  [519/900] Added file: "\\\\?\\C:\\Users\\pfole\\source\\repos\\DarkDash\\DarkDash\\Release\\Build\\DarkDash\\themes\\darkone_afterhours\\assets\\raw\\s3_041.png" at sector 16380
  [520/900] Added file: "\\\\?\\C:\\Users\\pfole\\source\\repos\\DarkDash\\DarkDash\\Release\\Build\\DarkDash\\themes\\darkone_afterhours\\assets\\raw\\s3_040.png" at sector 16383
  [521/900] Added file: "\\\\?\\C:\\Users\\pfole\\source\\repos\\DarkDash\\DarkDash\\Release\\Build\\DarkDash\\themes\\darkone_afterhours\\assets\\raw\\s3_042.png" at sector 16386
  [522/900] Added file: "\\\\?\\C:\\Users\\pfole\\source\\repos\\DarkDash\\DarkDash\\Release\\Build\\DarkDash\\themes\\darkone_afterhours\\assets\\raw\\s3_047.png" at sector 16389
  [523/900] Added file: "\\\\?\\C:\\Users\\pfole\\source\\repos\\DarkDash\\DarkDash\\Release\\Build\\DarkDash\\themes\\darkone_afterhours\\assets\\raw\\s3_045.png" at sector 16393
  [524/900] Added file: "\\\\?\\C:\\Users\\pfole\\source\\repos\\DarkDash\\DarkDash\\Release\\Build\\DarkDash\\themes\\darkone_afterhours\\assets\\raw\\s3_044.png" at sector 16402
  [525/900] Added file: "\\\\?\\C:\\Users\\pfole\\source\\repos\\DarkDash\\DarkDash\\Release\\Build\\DarkDash\\themes\\darkone_afterhours\\assets\\raw\\s3_046.png" at sector 16438
  [526/900] Added file: "\\\\?\\C:\\Users\\pfole\\source\\repos\\DarkDash\\DarkDash\\Release\\Build\\DarkDash\\themes\\darkone_afterhours\\assets\\raw\\s3_049.png" at sector 16445
  [527/900] Added file: "\\\\?\\C:\\Users\\pfole\\source\\repos\\DarkDash\\DarkDash\\Release\\Build\\DarkDash\\themes\\darkone_afterhours\\assets\\raw\\s3_048.png" at sector 16449
  [528/900] Added file: "\\\\?\\C:\\Users\\pfole\\source\\repos\\DarkDash\\DarkDash\\Release\\Build\\DarkDash\\themes\\darkone_afterhours\\assets\\raw\\s3_050.png" at sector 16453
  [529/900] Added file: "\\\\?\\C:\\Users\\pfole\\source\\repos\\DarkDash\\DarkDash\\Release\\Build\\DarkDash\\themes\\darkone_afterhours\\assets\\raw\\s4_091.png" at sector 16456
  [530/900] Added file: "\\\\?\\C:\\Users\\pfole\\source\\repos\\DarkDash\\DarkDash\\Release\\Build\\DarkDash\\themes\\darkone_afterhours\\assets\\raw\\s4_054.png" at sector 16461
  [531/900] Added file: "\\\\?\\C:\\Users\\pfole\\source\\repos\\DarkDash\\DarkDash\\Release\\Build\\DarkDash\\themes\\darkone_afterhours\\assets\\raw\\s4_027.png" at sector 16472
  [532/900] Added file: "\\\\?\\C:\\Users\\pfole\\source\\repos\\DarkDash\\DarkDash\\Release\\Build\\DarkDash\\themes\\darkone_afterhours\\assets\\raw\\s4_025.png" at sector 16512
  [533/900] Added file: "\\\\?\\C:\\Users\\pfole\\source\\repos\\DarkDash\\DarkDash\\Release\\Build\\DarkDash\\themes\\darkone_afterhours\\assets\\raw\\s4_024.png" at sector 16523
  [534/900] Added file: "\\\\?\\C:\\Users\\pfole\\source\\repos\\DarkDash\\DarkDash\\Release\\Build\\DarkDash\\themes\\darkone_afterhours\\assets\\raw\\s4_026.png" at sector 16538
  [535/900] Added file: "\\\\?\\C:\\Users\\pfole\\source\\repos\\DarkDash\\DarkDash\\Release\\Build\\DarkDash\\themes\\darkone_afterhours\\assets\\raw\\s4_038.png" at sector 16571
  [536/900] Added file: "\\\\?\\C:\\Users\\pfole\\source\\repos\\DarkDash\\DarkDash\\Release\\Build\\DarkDash\\themes\\darkone_afterhours\\assets\\raw\\s4_033.png" at sector 16585
  [537/900] Added file: "\\\\?\\C:\\Users\\pfole\\source\\repos\\DarkDash\\DarkDash\\Release\\Build\\DarkDash\\themes\\darkone_afterhours\\assets\\raw\\s4_053.png" at sector 16602
  [538/900] Added file: "\\\\?\\C:\\Users\\pfole\\source\\repos\\DarkDash\\DarkDash\\Release\\Build\\DarkDash\\themes\\darkone_afterhours\\assets\\raw\\s4_078.png" at sector 16612
  [539/900] Added file: "\\\\?\\C:\\Users\\pfole\\source\\repos\\DarkDash\\DarkDash\\Release\\Build\\DarkDash\\themes\\darkone_afterhours\\assets\\raw\\s4_056.png" at sector 16627
  [540/900] Added file: "\\\\?\\C:\\Users\\pfole\\source\\repos\\DarkDash\\DarkDash\\Release\\Build\\DarkDash\\themes\\darkone_afterhours\\assets\\raw\\s4_055.png" at sector 16638
  [541/900] Added file: "\\\\?\\C:\\Users\\pfole\\source\\repos\\DarkDash\\DarkDash\\Release\\Build\\DarkDash\\themes\\darkone_afterhours\\assets\\raw\\s4_061.png" at sector 16648
  [542/900] Added file: "\\\\?\\C:\\Users\\pfole\\source\\repos\\DarkDash\\DarkDash\\Release\\Build\\DarkDash\\themes\\darkone_afterhours\\assets\\raw\\s4_080.png" at sector 16662
  [543/900] Added file: "\\\\?\\C:\\Users\\pfole\\source\\repos\\DarkDash\\DarkDash\\Release\\Build\\DarkDash\\themes\\darkone_afterhours\\assets\\raw\\s4_079.png" at sector 16669
  [544/900] Added file: "\\\\?\\C:\\Users\\pfole\\source\\repos\\DarkDash\\DarkDash\\Release\\Build\\DarkDash\\themes\\darkone_afterhours\\assets\\raw\\s4_081.png" at sector 16676
  [545/900] Added file: "\\\\?\\C:\\Users\\pfole\\source\\repos\\DarkDash\\DarkDash\\Release\\Build\\DarkDash\\themes\\darkone_afterhours\\assets\\raw\\s4_097.png" at sector 16683
  [546/900] Added file: "\\\\?\\C:\\Users\\pfole\\source\\repos\\DarkDash\\DarkDash\\Release\\Build\\DarkDash\\themes\\darkone_afterhours\\assets\\raw\\s4_095.png" at sector 16692
  [547/900] Added file: "\\\\?\\C:\\Users\\pfole\\source\\repos\\DarkDash\\DarkDash\\Release\\Build\\DarkDash\\themes\\darkone_afterhours\\assets\\raw\\s4_094.png" at sector 16703
  [548/900] Added file: "\\\\?\\C:\\Users\\pfole\\source\\repos\\DarkDash\\DarkDash\\Release\\Build\\DarkDash\\themes\\darkone_afterhours\\assets\\raw\\s4_096.png" at sector 16712
  [549/900] Added file: "\\\\?\\C:\\Users\\pfole\\source\\repos\\DarkDash\\DarkDash\\Release\\Build\\DarkDash\\themes\\darkone_afterhours\\assets\\raw\\s4_114.png" at sector 16723
  [550/900] Added file: "\\\\?\\C:\\Users\\pfole\\source\\repos\\DarkDash\\DarkDash\\Release\\Build\\DarkDash\\themes\\darkone_afterhours\\assets\\raw\\s4_113.png" at sector 16731
  [551/900] Added file: "\\\\?\\C:\\Users\\pfole\\source\\repos\\DarkDash\\DarkDash\\Release\\Build\\DarkDash\\themes\\darkone_afterhours\\assets\\raw\\s4_123.png" at sector 16741
  [552/900] Added file: "\\\\?\\C:\\Users\\pfole\\source\\repos\\DarkDash\\DarkDash\\Release\\Build\\DarkDash\\themes\\darkone_afterhours\\assets\\raw\\s4_122.png" at sector 16748
  [553/900] Added file: "\\\\?\\C:\\Users\\pfole\\source\\repos\\DarkDash\\DarkDash\\Release\\Build\\DarkDash\\themes\\darkone_afterhours\\assets\\raw\\s4_124.png" at sector 16758
  [554/900] Added dir: "\\\\?\\C:\\Users\\pfole\\source\\repos\\DarkDash\\DarkDash\\Release\\Build\\DarkDash\\themes\\default" at sector 8851
  [555/900] Added file: "\\\\?\\C:\\Users\\pfole\\source\\repos\\DarkDash\\DarkDash\\Release\\Build\\DarkDash\\themes\\default\\README.txt" at sector 16765
  [556/900] Added file: "\\\\?\\C:\\Users\\pfole\\source\\repos\\DarkDash\\DarkDash\\Release\\Build\\DarkDash\\themes\\default\\assets" at sector 16767
  [557/900] Added file: "\\\\?\\C:\\Users\\pfole\\source\\repos\\DarkDash\\DarkDash\\Release\\Build\\DarkDash\\themes\\default\\theme.ini" at sector 16768
  [558/900] Added dir: "\\\\?\\C:\\Users\\pfole\\source\\repos\\DarkDash\\DarkDash\\Release\\Build\\DarkDash\\themes\\default\\assets" at sector 16767
  [559/900] Added file: "\\\\?\\C:\\Users\\pfole\\source\\repos\\DarkDash\\DarkDash\\Release\\Build\\DarkDash\\themes\\default\\assets\\frame_storage.png" at sector 16771
  [560/900] Added file: "\\\\?\\C:\\Users\\pfole\\source\\repos\\DarkDash\\DarkDash\\Release\\Build\\DarkDash\\themes\\default\\assets\\frame_media.png" at sector 16783
  [561/900] Added file: "\\\\?\\C:\\Users\\pfole\\source\\repos\\DarkDash\\DarkDash\\Release\\Build\\DarkDash\\themes\\default\\assets\\frame_card_blank.png" at sector 16797
  [562/900] Added file: "\\\\?\\C:\\Users\\pfole\\source\\repos\\DarkDash\\DarkDash\\Release\\Build\\DarkDash\\themes\\default\\assets\\bar_header.png" at sector 16828
  [563/900] Added file: "\\\\?\\C:\\Users\\pfole\\source\\repos\\DarkDash\\DarkDash\\Release\\Build\\DarkDash\\themes\\default\\assets\\bar_footer.png" at sector 16835
  [564/900] Added file: "\\\\?\\C:\\Users\\pfole\\source\\repos\\DarkDash\\DarkDash\\Release\\Build\\DarkDash\\themes\\default\\assets\\card_recent.png" at sector 16845
  [565/900] Added file: "\\\\?\\C:\\Users\\pfole\\source\\repos\\DarkDash\\DarkDash\\Release\\Build\\DarkDash\\themes\\default\\assets\\frame_featured.png" at sector 16856
  [566/900] Added file: "\\\\?\\C:\\Users\\pfole\\source\\repos\\DarkDash\\DarkDash\\Release\\Build\\DarkDash\\themes\\default\\assets\\frame_card_small.png" at sector 16873
  [567/900] Added file: "\\\\?\\C:\\Users\\pfole\\source\\repos\\DarkDash\\DarkDash\\Release\\Build\\DarkDash\\themes\\default\\assets\\frame_library.png" at sector 16880
  [568/900] Added file: "\\\\?\\C:\\Users\\pfole\\source\\repos\\DarkDash\\DarkDash\\Release\\Build\\DarkDash\\themes\\default\\assets\\frame_network.png" at sector 16895
  [569/900] Added file: "\\\\?\\C:\\Users\\pfole\\source\\repos\\DarkDash\\DarkDash\\Release\\Build\\DarkDash\\themes\\default\\assets\\frame_menu_h_selected.png" at sector 16913
  [570/900] Added file: "\\\\?\\C:\\Users\\pfole\\source\\repos\\DarkDash\\DarkDash\\Release\\Build\\DarkDash\\themes\\default\\assets\\frame_menu_h.png" at sector 16929
  [571/900] Added file: "\\\\?\\C:\\Users\\pfole\\source\\repos\\DarkDash\\DarkDash\\Release\\Build\\DarkDash\\themes\\default\\assets\\frame_menu_v.png" at sector 16944
  [572/900] Added file: "\\\\?\\C:\\Users\\pfole\\source\\repos\\DarkDash\\DarkDash\\Release\\Build\\DarkDash\\themes\\default\\assets\\frame_recent.png" at sector 16964
  [573/900] Added file: "\\\\?\\C:\\Users\\pfole\\source\\repos\\DarkDash\\DarkDash\\Release\\Build\\DarkDash\\themes\\default\\assets\\frame_nowplaying.png" at sector 16976
  [574/900] Added file: "\\\\?\\C:\\Users\\pfole\\source\\repos\\DarkDash\\DarkDash\\Release\\Build\\DarkDash\\themes\\default\\assets\\frame_status.png" at sector 16987
  [575/900] Added file: "\\\\?\\C:\\Users\\pfole\\source\\repos\\DarkDash\\DarkDash\\Release\\Build\\DarkDash\\themes\\default\\assets\\plaque_datetime.png" at sector 16998
  [576/900] Added file: "\\\\?\\C:\\Users\\pfole\\source\\repos\\DarkDash\\DarkDash\\Release\\Build\\DarkDash\\themes\\default\\assets\\manifest.json" at sector 17012
  [577/900] Added file: "\\\\?\\C:\\Users\\pfole\\source\\repos\\DarkDash\\DarkDash\\Release\\Build\\DarkDash\\themes\\default\\assets\\icon_media.png" at sector 17015
  [578/900] Added file: "\\\\?\\C:\\Users\\pfole\\source\\repos\\DarkDash\\DarkDash\\Release\\Build\\DarkDash\\themes\\default\\assets\\icon_apps.png" at sector 17027
  [579/900] Added file: "\\\\?\\C:\\Users\\pfole\\source\\repos\\DarkDash\\DarkDash\\Release\\Build\\DarkDash\\themes\\default\\assets\\globe.png" at sector 17039
  [580/900] Added file: "\\\\?\\C:\\Users\\pfole\\source\\repos\\DarkDash\\DarkDash\\Release\\Build\\DarkDash\\themes\\default\\assets\\icon_games.png" at sector 17107
  [581/900] Added file: "\\\\?\\C:\\Users\\pfole\\source\\repos\\DarkDash\\DarkDash\\Release\\Build\\DarkDash\\themes\\default\\assets\\icon_saves.png" at sector 17119
  [582/900] Added file: "\\\\?\\C:\\Users\\pfole\\source\\repos\\DarkDash\\DarkDash\\Release\\Build\\DarkDash\\themes\\default\\assets\\icon_network.png" at sector 17131
  [583/900] Added file: "\\\\?\\C:\\Users\\pfole\\source\\repos\\DarkDash\\DarkDash\\Release\\Build\\DarkDash\\themes\\default\\assets\\icon_settings.png" at sector 17144
  [584/900] Added file: "\\\\?\\C:\\Users\\pfole\\source\\repos\\DarkDash\\DarkDash\\Release\\Build\\DarkDash\\themes\\default\\assets\\orb_hero.png" at sector 17157
  [585/900] Added file: "\\\\?\\C:\\Users\\pfole\\source\\repos\\DarkDash\\DarkDash\\Release\\Build\\DarkDash\\themes\\default\\assets\\module_status.png" at sector 17288
  [586/900] Added file: "\\\\?\\C:\\Users\\pfole\\source\\repos\\DarkDash\\DarkDash\\Release\\Build\\DarkDash\\themes\\default\\assets\\module_media.png" at sector 17298
  [587/900] Added file: "\\\\?\\C:\\Users\\pfole\\source\\repos\\DarkDash\\DarkDash\\Release\\Build\\DarkDash\\themes\\default\\assets\\module_storage.png" at sector 17308
  [588/900] Added file: "\\\\?\\C:\\Users\\pfole\\source\\repos\\DarkDash\\DarkDash\\Release\\Build\\DarkDash\\themes\\default\\assets\\overlay_selection_glow.png" at sector 17319
  [589/900] Added file: "\\\\?\\C:\\Users\\pfole\\source\\repos\\DarkDash\\DarkDash\\Release\\Build\\DarkDash\\themes\\default\\assets\\orb_small.png" at sector 17345
  [590/900] Added file: "\\\\?\\C:\\Users\\pfole\\source\\repos\\DarkDash\\DarkDash\\Release\\Build\\DarkDash\\themes\\default\\assets\\panel_loading.png" at sector 17380
  [591/900] Added file: "\\\\?\\C:\\Users\\pfole\\source\\repos\\DarkDash\\DarkDash\\Release\\Build\\DarkDash\\themes\\default\\assets\\tab_h_normal.png" at sector 17389
  [592/900] Added file: "\\\\?\\C:\\Users\\pfole\\source\\repos\\DarkDash\\DarkDash\\Release\\Build\\DarkDash\\themes\\default\\assets\\plaque_toast.png" at sector 17405
  [593/900] Added file: "\\\\?\\C:\\Users\\pfole\\source\\repos\\DarkDash\\DarkDash\\Release\\Build\\DarkDash\\themes\\default\\assets\\plaque_info.png" at sector 17412
  [594/900] Added file: "\\\\?\\C:\\Users\\pfole\\source\\repos\\DarkDash\\DarkDash\\Release\\Build\\DarkDash\\themes\\default\\assets\\plaque_freespace.png" at sector 17419
  [595/900] Added file: "\\\\?\\C:\\Users\\pfole\\source\\repos\\DarkDash\\DarkDash\\Release\\Build\\DarkDash\\themes\\default\\assets\\plaque_signedin.png" at sector 17426
  [596/900] Added file: "\\\\?\\C:\\Users\\pfole\\source\\repos\\DarkDash\\DarkDash\\Release\\Build\\DarkDash\\themes\\default\\assets\\platform_round.png" at sector 17433
  [597/900] Added file: "\\\\?\\C:\\Users\\pfole\\source\\repos\\DarkDash\\DarkDash\\Release\\Build\\DarkDash\\themes\\default\\assets\\platform_long.png" at sector 17500
  [598/900] Added file: "\\\\?\\C:\\Users\\pfole\\source\\repos\\DarkDash\\DarkDash\\Release\\Build\\DarkDash\\themes\\default\\assets\\raw" at sector 17561
  [599/900] Added file: "\\\\?\\C:\\Users\\pfole\\source\\repos\\DarkDash\\DarkDash\\Release\\Build\\DarkDash\\themes\\default\\assets\\tile_cover_medium_blank.png" at sector 17563
  [600/900] Added file: "\\\\?\\C:\\Users\\pfole\\source\\repos\\DarkDash\\DarkDash\\Release\\Build\\DarkDash\\themes\\default\\assets\\tab_v_normal.png" at sector 17572
  [601/900] Added file: "\\\\?\\C:\\Users\\pfole\\source\\repos\\DarkDash\\DarkDash\\Release\\Build\\DarkDash\\themes\\default\\assets\\tab_h_selected.png" at sector 17586
  [602/900] Added file: "\\\\?\\C:\\Users\\pfole\\source\\repos\\DarkDash\\DarkDash\\Release\\Build\\DarkDash\\themes\\default\\assets\\tab_v_selected.png" at sector 17604
  [603/900] Added file: "\\\\?\\C:\\Users\\pfole\\source\\repos\\DarkDash\\DarkDash\\Release\\Build\\DarkDash\\themes\\default\\assets\\tile_cover_small_blank.png" at sector 17618
  [604/900] Added file: "\\\\?\\C:\\Users\\pfole\\source\\repos\\DarkDash\\DarkDash\\Release\\Build\\DarkDash\\themes\\default\\assets\\tile_feature_blank.png" at sector 17626
  [605/900] Added dir: "\\\\?\\C:\\Users\\pfole\\source\\repos\\DarkDash\\DarkDash\\Release\\Build\\DarkDash\\themes\\default\\assets\\raw" at sector 17561
  [606/900] Added file: "\\\\?\\C:\\Users\\pfole\\source\\repos\\DarkDash\\DarkDash\\Release\\Build\\DarkDash\\themes\\default\\assets\\raw\\s3_013.png" at sector 17639
  [607/900] Added file: "\\\\?\\C:\\Users\\pfole\\source\\repos\\DarkDash\\DarkDash\\Release\\Build\\DarkDash\\themes\\default\\assets\\raw\\s2_016.png" at sector 17655
  [608/900] Added file: "\\\\?\\C:\\Users\\pfole\\source\\repos\\DarkDash\\DarkDash\\Release\\Build\\DarkDash\\themes\\default\\assets\\raw\\s1_102.png" at sector 17667
  [609/900] Added file: "\\\\?\\C:\\Users\\pfole\\source\\repos\\DarkDash\\DarkDash\\Release\\Build\\DarkDash\\themes\\default\\assets\\raw\\s1_057.png" at sector 17674
  [610/900] Added file: "\\\\?\\C:\\Users\\pfole\\source\\repos\\DarkDash\\DarkDash\\Release\\Build\\DarkDash\\themes\\default\\assets\\raw\\s1_033.png" at sector 17686
  [611/900] Added file: "\\\\?\\C:\\Users\\pfole\\source\\repos\\DarkDash\\DarkDash\\Release\\Build\\DarkDash\\themes\\default\\assets\\raw\\s1_019.png" at sector 17703
  [612/900] Added file: "\\\\?\\C:\\Users\\pfole\\source\\repos\\DarkDash\\DarkDash\\Release\\Build\\DarkDash\\themes\\default\\assets\\raw\\s1_018.png" at sector 17719
  [613/900] Added file: "\\\\?\\C:\\Users\\pfole\\source\\repos\\DarkDash\\DarkDash\\Release\\Build\\DarkDash\\themes\\default\\assets\\raw\\s1_020.png" at sector 17734
  [614/900] Added file: "\\\\?\\C:\\Users\\pfole\\source\\repos\\DarkDash\\DarkDash\\Release\\Build\\DarkDash\\themes\\default\\assets\\raw\\s1_055.png" at sector 17754
  [615/900] Added file: "\\\\?\\C:\\Users\\pfole\\source\\repos\\DarkDash\\DarkDash\\Release\\Build\\DarkDash\\themes\\default\\assets\\raw\\s1_034.png" at sector 17768
  [616/900] Added file: "\\\\?\\C:\\Users\\pfole\\source\\repos\\DarkDash\\DarkDash\\Release\\Build\\DarkDash\\themes\\default\\assets\\raw\\s1_056.png" at sector 17783
  [617/900] Added file: "\\\\?\\C:\\Users\\pfole\\source\\repos\\DarkDash\\DarkDash\\Release\\Build\\DarkDash\\themes\\default\\assets\\raw\\s1_082.png" at sector 17801
  [618/900] Added file: "\\\\?\\C:\\Users\\pfole\\source\\repos\\DarkDash\\DarkDash\\Release\\Build\\DarkDash\\themes\\default\\assets\\raw\\s1_068.png" at sector 17808
  [619/900] Added file: "\\\\?\\C:\\Users\\pfole\\source\\repos\\DarkDash\\DarkDash\\Release\\Build\\DarkDash\\themes\\default\\assets\\raw\\s1_058.png" at sector 17820
  [620/900] Added file: "\\\\?\\C:\\Users\\pfole\\source\\repos\\DarkDash\\DarkDash\\Release\\Build\\DarkDash\\themes\\default\\assets\\raw\\s1_075.png" at sector 17831
  [621/900] Added file: "\\\\?\\C:\\Users\\pfole\\source\\repos\\DarkDash\\DarkDash\\Release\\Build\\DarkDash\\themes\\default\\assets\\raw\\s1_089.png" at sector 17842
  [622/900] Added file: "\\\\?\\C:\\Users\\pfole\\source\\repos\\DarkDash\\DarkDash\\Release\\Build\\DarkDash\\themes\\default\\assets\\raw\\s1_083.png" at sector 17852
  [623/900] Added file: "\\\\?\\C:\\Users\\pfole\\source\\repos\\DarkDash\\DarkDash\\Release\\Build\\DarkDash\\themes\\default\\assets\\raw\\s1_101.png" at sector 17859
  [624/900] Added file: "\\\\?\\C:\\Users\\pfole\\source\\repos\\DarkDash\\DarkDash\\Release\\Build\\DarkDash\\themes\\default\\assets\\raw\\s2_008.png" at sector 17885
  [625/900] Added file: "\\\\?\\C:\\Users\\pfole\\source\\repos\\DarkDash\\DarkDash\\Release\\Build\\DarkDash\\themes\\default\\assets\\raw\\s2_004.png" at sector 17898
  [626/900] Added file: "\\\\?\\C:\\Users\\pfole\\source\\repos\\DarkDash\\DarkDash\\Release\\Build\\DarkDash\\themes\\default\\assets\\raw\\s2_002.png" at sector 17909
  [627/900] Added file: "\\\\?\\C:\\Users\\pfole\\source\\repos\\DarkDash\\DarkDash\\Release\\Build\\DarkDash\\themes\\default\\assets\\raw\\s2_001.png" at sector 17921
  [628/900] Added file: "\\\\?\\C:\\Users\\pfole\\source\\repos\\DarkDash\\DarkDash\\Release\\Build\\DarkDash\\themes\\default\\assets\\raw\\s2_003.png" at sector 17934
  [629/900] Added file: "\\\\?\\C:\\Users\\pfole\\source\\repos\\DarkDash\\DarkDash\\Release\\Build\\DarkDash\\themes\\default\\assets\\raw\\s2_006.png" at sector 17946
  [630/900] Added file: "\\\\?\\C:\\Users\\pfole\\source\\repos\\DarkDash\\DarkDash\\Release\\Build\\DarkDash\\themes\\default\\assets\\raw\\s2_005.png" at sector 17958
  [631/900] Added file: "\\\\?\\C:\\Users\\pfole\\source\\repos\\DarkDash\\DarkDash\\Release\\Build\\DarkDash\\themes\\default\\assets\\raw\\s2_007.png" at sector 17970
  [632/900] Added file: "\\\\?\\C:\\Users\\pfole\\source\\repos\\DarkDash\\DarkDash\\Release\\Build\\DarkDash\\themes\\default\\assets\\raw\\s2_012.png" at sector 17984
  [633/900] Added file: "\\\\?\\C:\\Users\\pfole\\source\\repos\\DarkDash\\DarkDash\\Release\\Build\\DarkDash\\themes\\default\\assets\\raw\\s2_010.png" at sector 17996
  [634/900] Added file: "\\\\?\\C:\\Users\\pfole\\source\\repos\\DarkDash\\DarkDash\\Release\\Build\\DarkDash\\themes\\default\\assets\\raw\\s2_009.png" at sector 18008
  [635/900] Added file: "\\\\?\\C:\\Users\\pfole\\source\\repos\\DarkDash\\DarkDash\\Release\\Build\\DarkDash\\themes\\default\\assets\\raw\\s2_011.png" at sector 18020
  [636/900] Added file: "\\\\?\\C:\\Users\\pfole\\source\\repos\\DarkDash\\DarkDash\\Release\\Build\\DarkDash\\themes\\default\\assets\\raw\\s2_014.png" at sector 18032
  [637/900] Added file: "\\\\?\\C:\\Users\\pfole\\source\\repos\\DarkDash\\DarkDash\\Release\\Build\\DarkDash\\themes\\default\\assets\\raw\\s2_013.png" at sector 18045
  [638/900] Added file: "\\\\?\\C:\\Users\\pfole\\source\\repos\\DarkDash\\DarkDash\\Release\\Build\\DarkDash\\themes\\default\\assets\\raw\\s2_015.png" at sector 18057
  [639/900] Added file: "\\\\?\\C:\\Users\\pfole\\source\\repos\\DarkDash\\DarkDash\\Release\\Build\\DarkDash\\themes\\default\\assets\\raw\\s2_034.png" at sector 18070
  [640/900] Added file: "\\\\?\\C:\\Users\\pfole\\source\\repos\\DarkDash\\DarkDash\\Release\\Build\\DarkDash\\themes\\default\\assets\\raw\\s2_024.png" at sector 18076
  [641/900] Added file: "\\\\?\\C:\\Users\\pfole\\source\\repos\\DarkDash\\DarkDash\\Release\\Build\\DarkDash\\themes\\default\\assets\\raw\\s2_020.png" at sector 18087
  [642/900] Added file: "\\\\?\\C:\\Users\\pfole\\source\\repos\\DarkDash\\DarkDash\\Release\\Build\\DarkDash\\themes\\default\\assets\\raw\\s2_018.png" at sector 18098
  [643/900] Added file: "\\\\?\\C:\\Users\\pfole\\source\\repos\\DarkDash\\DarkDash\\Release\\Build\\DarkDash\\themes\\default\\assets\\raw\\s2_017.png" at sector 18110
  [644/900] Added file: "\\\\?\\C:\\Users\\pfole\\source\\repos\\DarkDash\\DarkDash\\Release\\Build\\DarkDash\\themes\\default\\assets\\raw\\s2_019.png" at sector 18123
  [645/900] Added file: "\\\\?\\C:\\Users\\pfole\\source\\repos\\DarkDash\\DarkDash\\Release\\Build\\DarkDash\\themes\\default\\assets\\raw\\s2_022.png" at sector 18138
  [646/900] Added file: "\\\\?\\C:\\Users\\pfole\\source\\repos\\DarkDash\\DarkDash\\Release\\Build\\DarkDash\\themes\\default\\assets\\raw\\s2_021.png" at sector 18149
  [647/900] Added file: "\\\\?\\C:\\Users\\pfole\\source\\repos\\DarkDash\\DarkDash\\Release\\Build\\DarkDash\\themes\\default\\assets\\raw\\s2_023.png" at sector 18160
  [648/900] Added file: "\\\\?\\C:\\Users\\pfole\\source\\repos\\DarkDash\\DarkDash\\Release\\Build\\DarkDash\\themes\\default\\assets\\raw\\s2_028.png" at sector 18170
  [649/900] Added file: "\\\\?\\C:\\Users\\pfole\\source\\repos\\DarkDash\\DarkDash\\Release\\Build\\DarkDash\\themes\\default\\assets\\raw\\s2_026.png" at sector 18179
  [650/900] Added file: "\\\\?\\C:\\Users\\pfole\\source\\repos\\DarkDash\\DarkDash\\Release\\Build\\DarkDash\\themes\\default\\assets\\raw\\s2_025.png" at sector 18188
  [651/900] Added file: "\\\\?\\C:\\Users\\pfole\\source\\repos\\DarkDash\\DarkDash\\Release\\Build\\DarkDash\\themes\\default\\assets\\raw\\s2_027.png" at sector 18197
  [652/900] Added file: "\\\\?\\C:\\Users\\pfole\\source\\repos\\DarkDash\\DarkDash\\Release\\Build\\DarkDash\\themes\\default\\assets\\raw\\s2_032.png" at sector 18206
  [653/900] Added file: "\\\\?\\C:\\Users\\pfole\\source\\repos\\DarkDash\\DarkDash\\Release\\Build\\DarkDash\\themes\\default\\assets\\raw\\s2_031.png" at sector 18213
  [654/900] Added file: "\\\\?\\C:\\Users\\pfole\\source\\repos\\DarkDash\\DarkDash\\Release\\Build\\DarkDash\\themes\\default\\assets\\raw\\s2_033.png" at sector 18220
  [655/900] Added file: "\\\\?\\C:\\Users\\pfole\\source\\repos\\DarkDash\\DarkDash\\Release\\Build\\DarkDash\\themes\\default\\assets\\raw\\s2_056.png" at sector 18226
  [656/900] Added file: "\\\\?\\C:\\Users\\pfole\\source\\repos\\DarkDash\\DarkDash\\Release\\Build\\DarkDash\\themes\\default\\assets\\raw\\s2_052.png" at sector 18236
  [657/900] Added file: "\\\\?\\C:\\Users\\pfole\\source\\repos\\DarkDash\\DarkDash\\Release\\Build\\DarkDash\\themes\\default\\assets\\raw\\s2_050.png" at sector 18258
  [658/900] Added file: "\\\\?\\C:\\Users\\pfole\\source\\repos\\DarkDash\\DarkDash\\Release\\Build\\DarkDash\\themes\\default\\assets\\raw\\s2_049.png" at sector 18280
  [659/900] Added file: "\\\\?\\C:\\Users\\pfole\\source\\repos\\DarkDash\\DarkDash\\Release\\Build\\DarkDash\\themes\\default\\assets\\raw\\s2_051.png" at sector 18303
  [660/900] Added file: "\\\\?\\C:\\Users\\pfole\\source\\repos\\DarkDash\\DarkDash\\Release\\Build\\DarkDash\\themes\\default\\assets\\raw\\s2_054.png" at sector 18326
  [661/900] Added file: "\\\\?\\C:\\Users\\pfole\\source\\repos\\DarkDash\\DarkDash\\Release\\Build\\DarkDash\\themes\\default\\assets\\raw\\s2_053.png" at sector 18336
  [662/900] Added file: "\\\\?\\C:\\Users\\pfole\\source\\repos\\DarkDash\\DarkDash\\Release\\Build\\DarkDash\\themes\\default\\assets\\raw\\s2_055.png" at sector 18346
  [663/900] Added file: "\\\\?\\C:\\Users\\pfole\\source\\repos\\DarkDash\\DarkDash\\Release\\Build\\DarkDash\\themes\\default\\assets\\raw\\s3_004.png" at sector 18356
  [664/900] Added file: "\\\\?\\C:\\Users\\pfole\\source\\repos\\DarkDash\\DarkDash\\Release\\Build\\DarkDash\\themes\\default\\assets\\raw\\s3_002.png" at sector 18423
  [665/900] Added file: "\\\\?\\C:\\Users\\pfole\\source\\repos\\DarkDash\\DarkDash\\Release\\Build\\DarkDash\\themes\\default\\assets\\raw\\s3_001.png" at sector 18450
  [666/900] Added file: "\\\\?\\C:\\Users\\pfole\\source\\repos\\DarkDash\\DarkDash\\Release\\Build\\DarkDash\\themes\\default\\assets\\raw\\s3_003.png" at sector 18581
  [667/900] Added file: "\\\\?\\C:\\Users\\pfole\\source\\repos\\DarkDash\\DarkDash\\Release\\Build\\DarkDash\\themes\\default\\assets\\raw\\s3_011.png" at sector 18649
  [668/900] Added file: "\\\\?\\C:\\Users\\pfole\\source\\repos\\DarkDash\\DarkDash\\Release\\Build\\DarkDash\\themes\\default\\assets\\raw\\s3_010.png" at sector 18693
  [669/900] Added file: "\\\\?\\C:\\Users\\pfole\\source\\repos\\DarkDash\\DarkDash\\Release\\Build\\DarkDash\\themes\\default\\assets\\raw\\s3_012.png" at sector 18728
  [670/900] Added file: "\\\\?\\C:\\Users\\pfole\\source\\repos\\DarkDash\\DarkDash\\Release\\Build\\DarkDash\\themes\\default\\assets\\raw\\s4_023.png" at sector 18745
  [671/900] Added file: "\\\\?\\C:\\Users\\pfole\\source\\repos\\DarkDash\\DarkDash\\Release\\Build\\DarkDash\\themes\\default\\assets\\raw\\s3_029.png" at sector 18761
  [672/900] Added file: "\\\\?\\C:\\Users\\pfole\\source\\repos\\DarkDash\\DarkDash\\Release\\Build\\DarkDash\\themes\\default\\assets\\raw\\s3_021.png" at sector 18765
  [673/900] Added file: "\\\\?\\C:\\Users\\pfole\\source\\repos\\DarkDash\\DarkDash\\Release\\Build\\DarkDash\\themes\\default\\assets\\raw\\s3_017.png" at sector 18796
  [674/900] Added file: "\\\\?\\C:\\Users\\pfole\\source\\repos\\DarkDash\\DarkDash\\Release\\Build\\DarkDash\\themes\\default\\assets\\raw\\s3_015.png" at sector 18809
  [675/900] Added file: "\\\\?\\C:\\Users\\pfole\\source\\repos\\DarkDash\\DarkDash\\Release\\Build\\DarkDash\\themes\\default\\assets\\raw\\s3_014.png" at sector 18836
  [676/900] Added file: "\\\\?\\C:\\Users\\pfole\\source\\repos\\DarkDash\\DarkDash\\Release\\Build\\DarkDash\\themes\\default\\assets\\raw\\s3_016.png" at sector 18897
  [677/900] Added file: "\\\\?\\C:\\Users\\pfole\\source\\repos\\DarkDash\\DarkDash\\Release\\Build\\DarkDash\\themes\\default\\assets\\raw\\s3_019.png" at sector 18910
  [678/900] Added file: "\\\\?\\C:\\Users\\pfole\\source\\repos\\DarkDash\\DarkDash\\Release\\Build\\DarkDash\\themes\\default\\assets\\raw\\s3_018.png" at sector 18921
  [679/900] Added file: "\\\\?\\C:\\Users\\pfole\\source\\repos\\DarkDash\\DarkDash\\Release\\Build\\DarkDash\\themes\\default\\assets\\raw\\s3_020.png" at sector 18933
  [680/900] Added file: "\\\\?\\C:\\Users\\pfole\\source\\repos\\DarkDash\\DarkDash\\Release\\Build\\DarkDash\\themes\\default\\assets\\raw\\s3_025.png" at sector 18943
  [681/900] Added file: "\\\\?\\C:\\Users\\pfole\\source\\repos\\DarkDash\\DarkDash\\Release\\Build\\DarkDash\\themes\\default\\assets\\raw\\s3_023.png" at sector 18958
  [682/900] Added file: "\\\\?\\C:\\Users\\pfole\\source\\repos\\DarkDash\\DarkDash\\Release\\Build\\DarkDash\\themes\\default\\assets\\raw\\s3_022.png" at sector 18966
  [683/900] Added file: "\\\\?\\C:\\Users\\pfole\\source\\repos\\DarkDash\\DarkDash\\Release\\Build\\DarkDash\\themes\\default\\assets\\raw\\s3_024.png" at sector 18984
  [684/900] Added file: "\\\\?\\C:\\Users\\pfole\\source\\repos\\DarkDash\\DarkDash\\Release\\Build\\DarkDash\\themes\\default\\assets\\raw\\s3_027.png" at sector 18993
  [685/900] Added file: "\\\\?\\C:\\Users\\pfole\\source\\repos\\DarkDash\\DarkDash\\Release\\Build\\DarkDash\\themes\\default\\assets\\raw\\s3_026.png" at sector 19017
  [686/900] Added file: "\\\\?\\C:\\Users\\pfole\\source\\repos\\DarkDash\\DarkDash\\Release\\Build\\DarkDash\\themes\\default\\assets\\raw\\s3_028.png" at sector 19026
  [687/900] Added file: "\\\\?\\C:\\Users\\pfole\\source\\repos\\DarkDash\\DarkDash\\Release\\Build\\DarkDash\\themes\\default\\assets\\raw\\s3_043.png" at sector 19051
  [688/900] Added file: "\\\\?\\C:\\Users\\pfole\\source\\repos\\DarkDash\\DarkDash\\Release\\Build\\DarkDash\\themes\\default\\assets\\raw\\s3_039.png" at sector 19058
  [689/900] Added file: "\\\\?\\C:\\Users\\pfole\\source\\repos\\DarkDash\\DarkDash\\Release\\Build\\DarkDash\\themes\\default\\assets\\raw\\s3_037.png" at sector 19064
  [690/900] Added file: "\\\\?\\C:\\Users\\pfole\\source\\repos\\DarkDash\\DarkDash\\Release\\Build\\DarkDash\\themes\\default\\assets\\raw\\s3_032.png" at sector 19080
  [691/900] Added file: "\\\\?\\C:\\Users\\pfole\\source\\repos\\DarkDash\\DarkDash\\Release\\Build\\DarkDash\\themes\\default\\assets\\raw\\s3_038.png" at sector 19084
  [692/900] Added file: "\\\\?\\C:\\Users\\pfole\\source\\repos\\DarkDash\\DarkDash\\Release\\Build\\DarkDash\\themes\\default\\assets\\raw\\s3_041.png" at sector 19089
  [693/900] Added file: "\\\\?\\C:\\Users\\pfole\\source\\repos\\DarkDash\\DarkDash\\Release\\Build\\DarkDash\\themes\\default\\assets\\raw\\s3_040.png" at sector 19093
  [694/900] Added file: "\\\\?\\C:\\Users\\pfole\\source\\repos\\DarkDash\\DarkDash\\Release\\Build\\DarkDash\\themes\\default\\assets\\raw\\s3_042.png" at sector 19097
  [695/900] Added file: "\\\\?\\C:\\Users\\pfole\\source\\repos\\DarkDash\\DarkDash\\Release\\Build\\DarkDash\\themes\\default\\assets\\raw\\s3_047.png" at sector 19101
  [696/900] Added file: "\\\\?\\C:\\Users\\pfole\\source\\repos\\DarkDash\\DarkDash\\Release\\Build\\DarkDash\\themes\\default\\assets\\raw\\s3_045.png" at sector 19106
  [697/900] Added file: "\\\\?\\C:\\Users\\pfole\\source\\repos\\DarkDash\\DarkDash\\Release\\Build\\DarkDash\\themes\\default\\assets\\raw\\s3_044.png" at sector 19114
  [698/900] Added file: "\\\\?\\C:\\Users\\pfole\\source\\repos\\DarkDash\\DarkDash\\Release\\Build\\DarkDash\\themes\\default\\assets\\raw\\s3_046.png" at sector 19152
  [699/900] Added file: "\\\\?\\C:\\Users\\pfole\\source\\repos\\DarkDash\\DarkDash\\Release\\Build\\DarkDash\\themes\\default\\assets\\raw\\s3_049.png" at sector 19159
  [700/900] Added file: "\\\\?\\C:\\Users\\pfole\\source\\repos\\DarkDash\\DarkDash\\Release\\Build\\DarkDash\\themes\\default\\assets\\raw\\s3_048.png" at sector 19163
  [701/900] Added file: "\\\\?\\C:\\Users\\pfole\\source\\repos\\DarkDash\\DarkDash\\Release\\Build\\DarkDash\\themes\\default\\assets\\raw\\s3_050.png" at sector 19167
  [702/900] Added file: "\\\\?\\C:\\Users\\pfole\\source\\repos\\DarkDash\\DarkDash\\Release\\Build\\DarkDash\\themes\\default\\assets\\raw\\s4_091.png" at sector 19171
  [703/900] Added file: "\\\\?\\C:\\Users\\pfole\\source\\repos\\DarkDash\\DarkDash\\Release\\Build\\DarkDash\\themes\\default\\assets\\raw\\s4_054.png" at sector 19176
  [704/900] Added file: "\\\\?\\C:\\Users\\pfole\\source\\repos\\DarkDash\\DarkDash\\Release\\Build\\DarkDash\\themes\\default\\assets\\raw\\s4_027.png" at sector 19187
  [705/900] Added file: "\\\\?\\C:\\Users\\pfole\\source\\repos\\DarkDash\\DarkDash\\Release\\Build\\DarkDash\\themes\\default\\assets\\raw\\s4_025.png" at sector 19226
  [706/900] Added file: "\\\\?\\C:\\Users\\pfole\\source\\repos\\DarkDash\\DarkDash\\Release\\Build\\DarkDash\\themes\\default\\assets\\raw\\s4_024.png" at sector 19237
  [707/900] Added file: "\\\\?\\C:\\Users\\pfole\\source\\repos\\DarkDash\\DarkDash\\Release\\Build\\DarkDash\\themes\\default\\assets\\raw\\s4_026.png" at sector 19253
  [708/900] Added file: "\\\\?\\C:\\Users\\pfole\\source\\repos\\DarkDash\\DarkDash\\Release\\Build\\DarkDash\\themes\\default\\assets\\raw\\s4_038.png" at sector 19284
  [709/900] Added file: "\\\\?\\C:\\Users\\pfole\\source\\repos\\DarkDash\\DarkDash\\Release\\Build\\DarkDash\\themes\\default\\assets\\raw\\s4_033.png" at sector 19298
  [710/900] Added file: "\\\\?\\C:\\Users\\pfole\\source\\repos\\DarkDash\\DarkDash\\Release\\Build\\DarkDash\\themes\\default\\assets\\raw\\s4_053.png" at sector 19316
  [711/900] Added file: "\\\\?\\C:\\Users\\pfole\\source\\repos\\DarkDash\\DarkDash\\Release\\Build\\DarkDash\\themes\\default\\assets\\raw\\s4_078.png" at sector 19326
  [712/900] Added file: "\\\\?\\C:\\Users\\pfole\\source\\repos\\DarkDash\\DarkDash\\Release\\Build\\DarkDash\\themes\\default\\assets\\raw\\s4_056.png" at sector 19340
  [713/900] Added file: "\\\\?\\C:\\Users\\pfole\\source\\repos\\DarkDash\\DarkDash\\Release\\Build\\DarkDash\\themes\\default\\assets\\raw\\s4_055.png" at sector 19351
  [714/900] Added file: "\\\\?\\C:\\Users\\pfole\\source\\repos\\DarkDash\\DarkDash\\Release\\Build\\DarkDash\\themes\\default\\assets\\raw\\s4_061.png" at sector 19361
  [715/900] Added file: "\\\\?\\C:\\Users\\pfole\\source\\repos\\DarkDash\\DarkDash\\Release\\Build\\DarkDash\\themes\\default\\assets\\raw\\s4_080.png" at sector 19375
  [716/900] Added file: "\\\\?\\C:\\Users\\pfole\\source\\repos\\DarkDash\\DarkDash\\Release\\Build\\DarkDash\\themes\\default\\assets\\raw\\s4_079.png" at sector 19382
  [717/900] Added file: "\\\\?\\C:\\Users\\pfole\\source\\repos\\DarkDash\\DarkDash\\Release\\Build\\DarkDash\\themes\\default\\assets\\raw\\s4_081.png" at sector 19389
  [718/900] Added file: "\\\\?\\C:\\Users\\pfole\\source\\repos\\DarkDash\\DarkDash\\Release\\Build\\DarkDash\\themes\\default\\assets\\raw\\s4_097.png" at sector 19396
  [719/900] Added file: "\\\\?\\C:\\Users\\pfole\\source\\repos\\DarkDash\\DarkDash\\Release\\Build\\DarkDash\\themes\\default\\assets\\raw\\s4_095.png" at sector 19405
  [720/900] Added file: "\\\\?\\C:\\Users\\pfole\\source\\repos\\DarkDash\\DarkDash\\Release\\Build\\DarkDash\\themes\\default\\assets\\raw\\s4_094.png" at sector 19416
  [721/900] Added file: "\\\\?\\C:\\Users\\pfole\\source\\repos\\DarkDash\\DarkDash\\Release\\Build\\DarkDash\\themes\\default\\assets\\raw\\s4_096.png" at sector 19425
  [722/900] Added file: "\\\\?\\C:\\Users\\pfole\\source\\repos\\DarkDash\\DarkDash\\Release\\Build\\DarkDash\\themes\\default\\assets\\raw\\s4_114.png" at sector 19436
  [723/900] Added file: "\\\\?\\C:\\Users\\pfole\\source\\repos\\DarkDash\\DarkDash\\Release\\Build\\DarkDash\\themes\\default\\assets\\raw\\s4_113.png" at sector 19444
  [724/900] Added file: "\\\\?\\C:\\Users\\pfole\\source\\repos\\DarkDash\\DarkDash\\Release\\Build\\DarkDash\\themes\\default\\assets\\raw\\s4_123.png" at sector 19454
  [725/900] Added file: "\\\\?\\C:\\Users\\pfole\\source\\repos\\DarkDash\\DarkDash\\Release\\Build\\DarkDash\\themes\\default\\assets\\raw\\s4_122.png" at sector 19462
  [726/900] Added file: "\\\\?\\C:\\Users\\pfole\\source\\repos\\DarkDash\\DarkDash\\Release\\Build\\DarkDash\\themes\\default\\assets\\raw\\s4_124.png" at sector 19472
  [727/900] Added dir: "\\\\?\\C:\\Users\\pfole\\source\\repos\\DarkDash\\DarkDash\\Release\\Build\\DarkDash\\themes\\neon_sunset" at sector 8853
  [728/900] Added file: "\\\\?\\C:\\Users\\pfole\\source\\repos\\DarkDash\\DarkDash\\Release\\Build\\DarkDash\\themes\\neon_sunset\\README.txt" at sector 19480
  [729/900] Added file: "\\\\?\\C:\\Users\\pfole\\source\\repos\\DarkDash\\DarkDash\\Release\\Build\\DarkDash\\themes\\neon_sunset\\assets" at sector 19481
  [730/900] Added file: "\\\\?\\C:\\Users\\pfole\\source\\repos\\DarkDash\\DarkDash\\Release\\Build\\DarkDash\\themes\\neon_sunset\\theme.ini" at sector 19482
  [731/900] Added dir: "\\\\?\\C:\\Users\\pfole\\source\\repos\\DarkDash\\DarkDash\\Release\\Build\\DarkDash\\themes\\neon_sunset\\assets" at sector 19481
  [732/900] Added file: "\\\\?\\C:\\Users\\pfole\\source\\repos\\DarkDash\\DarkDash\\Release\\Build\\DarkDash\\themes\\neon_sunset\\assets\\frame_status.png" at sector 19485
  [733/900] Added file: "\\\\?\\C:\\Users\\pfole\\source\\repos\\DarkDash\\DarkDash\\Release\\Build\\DarkDash\\themes\\neon_sunset\\assets\\frame_library.png" at sector 19496
  [734/900] Added file: "\\\\?\\C:\\Users\\pfole\\source\\repos\\DarkDash\\DarkDash\\Release\\Build\\DarkDash\\themes\\neon_sunset\\assets\\card_recent.png" at sector 19511
  [735/900] Added file: "\\\\?\\C:\\Users\\pfole\\source\\repos\\DarkDash\\DarkDash\\Release\\Build\\DarkDash\\themes\\neon_sunset\\assets\\bar_header.png" at sector 19522
  [736/900] Added file: "\\\\?\\C:\\Users\\pfole\\source\\repos\\DarkDash\\DarkDash\\Release\\Build\\DarkDash\\themes\\neon_sunset\\assets\\bar_footer.png" at sector 19529
  [737/900] Added file: "\\\\?\\C:\\Users\\pfole\\source\\repos\\DarkDash\\DarkDash\\Release\\Build\\DarkDash\\themes\\neon_sunset\\assets\\bg.png" at sector 19539
  [738/900] Added file: "\\\\?\\C:\\Users\\pfole\\source\\repos\\DarkDash\\DarkDash\\Release\\Build\\DarkDash\\themes\\neon_sunset\\assets\\frame_card_small.png" at sector 19553
  [739/900] Added file: "\\\\?\\C:\\Users\\pfole\\source\\repos\\DarkDash\\DarkDash\\Release\\Build\\DarkDash\\themes\\neon_sunset\\assets\\frame_card_blank.png" at sector 19560
  [740/900] Added file: "\\\\?\\C:\\Users\\pfole\\source\\repos\\DarkDash\\DarkDash\\Release\\Build\\DarkDash\\themes\\neon_sunset\\assets\\frame_featured.png" at sector 19594
  [741/900] Added file: "\\\\?\\C:\\Users\\pfole\\source\\repos\\DarkDash\\DarkDash\\Release\\Build\\DarkDash\\themes\\neon_sunset\\assets\\frame_menu_v.png" at sector 19609
  [742/900] Added file: "\\\\?\\C:\\Users\\pfole\\source\\repos\\DarkDash\\DarkDash\\Release\\Build\\DarkDash\\themes\\neon_sunset\\assets\\frame_menu_h.png" at sector 19627
  [743/900] Added file: "\\\\?\\C:\\Users\\pfole\\source\\repos\\DarkDash\\DarkDash\\Release\\Build\\DarkDash\\themes\\neon_sunset\\assets\\frame_media.png" at sector 19642
  [744/900] Added file: "\\\\?\\C:\\Users\\pfole\\source\\repos\\DarkDash\\DarkDash\\Release\\Build\\DarkDash\\themes\\neon_sunset\\assets\\frame_menu_h_selected.png" at sector 19655
  [745/900] Added file: "\\\\?\\C:\\Users\\pfole\\source\\repos\\DarkDash\\DarkDash\\Release\\Build\\DarkDash\\themes\\neon_sunset\\assets\\frame_nowplaying.png" at sector 19669
  [746/900] Added file: "\\\\?\\C:\\Users\\pfole\\source\\repos\\DarkDash\\DarkDash\\Release\\Build\\DarkDash\\themes\\neon_sunset\\assets\\frame_network.png" at sector 19681
  [747/900] Added file: "\\\\?\\C:\\Users\\pfole\\source\\repos\\DarkDash\\DarkDash\\Release\\Build\\DarkDash\\themes\\neon_sunset\\assets\\frame_recent.png" at sector 19697
  [748/900] Added file: "\\\\?\\C:\\Users\\pfole\\source\\repos\\DarkDash\\DarkDash\\Release\\Build\\DarkDash\\themes\\neon_sunset\\assets\\panel_loading.png" at sector 19709
  [749/900] Added file: "\\\\?\\C:\\Users\\pfole\\source\\repos\\DarkDash\\DarkDash\\Release\\Build\\DarkDash\\themes\\neon_sunset\\assets\\icon_settings.png" at sector 19718
  [750/900] Added file: "\\\\?\\C:\\Users\\pfole\\source\\repos\\DarkDash\\DarkDash\\Release\\Build\\DarkDash\\themes\\neon_sunset\\assets\\icon_games.png" at sector 19731
  [751/900] Added file: "\\\\?\\C:\\Users\\pfole\\source\\repos\\DarkDash\\DarkDash\\Release\\Build\\DarkDash\\themes\\neon_sunset\\assets\\globe.png" at sector 19743
  [752/900] Added file: "\\\\?\\C:\\Users\\pfole\\source\\repos\\DarkDash\\DarkDash\\Release\\Build\\DarkDash\\themes\\neon_sunset\\assets\\frame_storage.png" at sector 19806
  [753/900] Added file: "\\\\?\\C:\\Users\\pfole\\source\\repos\\DarkDash\\DarkDash\\Release\\Build\\DarkDash\\themes\\neon_sunset\\assets\\icon_apps.png" at sector 19818
  [754/900] Added file: "\\\\?\\C:\\Users\\pfole\\source\\repos\\DarkDash\\DarkDash\\Release\\Build\\DarkDash\\themes\\neon_sunset\\assets\\icon_network.png" at sector 19830
  [755/900] Added file: "\\\\?\\C:\\Users\\pfole\\source\\repos\\DarkDash\\DarkDash\\Release\\Build\\DarkDash\\themes\\neon_sunset\\assets\\icon_media.png" at sector 19843
  [756/900] Added file: "\\\\?\\C:\\Users\\pfole\\source\\repos\\DarkDash\\DarkDash\\Release\\Build\\DarkDash\\themes\\neon_sunset\\assets\\icon_saves.png" at sector 19855
  [757/900] Added file: "\\\\?\\C:\\Users\\pfole\\source\\repos\\DarkDash\\DarkDash\\Release\\Build\\DarkDash\\themes\\neon_sunset\\assets\\module_storage.png" at sector 19867
  [758/900] Added file: "\\\\?\\C:\\Users\\pfole\\source\\repos\\DarkDash\\DarkDash\\Release\\Build\\DarkDash\\themes\\neon_sunset\\assets\\module_media.png" at sector 19878
  [759/900] Added file: "\\\\?\\C:\\Users\\pfole\\source\\repos\\DarkDash\\DarkDash\\Release\\Build\\DarkDash\\themes\\neon_sunset\\assets\\manifest.json" at sector 19888
  [760/900] Added file: "\\\\?\\C:\\Users\\pfole\\source\\repos\\DarkDash\\DarkDash\\Release\\Build\\DarkDash\\themes\\neon_sunset\\assets\\module_status.png" at sector 19891
  [761/900] Added file: "\\\\?\\C:\\Users\\pfole\\source\\repos\\DarkDash\\DarkDash\\Release\\Build\\DarkDash\\themes\\neon_sunset\\assets\\orb_small.png" at sector 19901
  [762/900] Added file: "\\\\?\\C:\\Users\\pfole\\source\\repos\\DarkDash\\DarkDash\\Release\\Build\\DarkDash\\themes\\neon_sunset\\assets\\orb_hero.png" at sector 19931
  [763/900] Added file: "\\\\?\\C:\\Users\\pfole\\source\\repos\\DarkDash\\DarkDash\\Release\\Build\\DarkDash\\themes\\neon_sunset\\assets\\overlay_selection_glow.png" at sector 20043
  [764/900] Added file: "\\\\?\\C:\\Users\\pfole\\source\\repos\\DarkDash\\DarkDash\\Release\\Build\\DarkDash\\themes\\neon_sunset\\assets\\raw" at sector 20065
  [765/900] Added file: "\\\\?\\C:\\Users\\pfole\\source\\repos\\DarkDash\\DarkDash\\Release\\Build\\DarkDash\\themes\\neon_sunset\\assets\\plaque_signedin.png" at sector 20067
  [766/900] Added file: "\\\\?\\C:\\Users\\pfole\\source\\repos\\DarkDash\\DarkDash\\Release\\Build\\DarkDash\\themes\\neon_sunset\\assets\\plaque_freespace.png" at sector 20074
  [767/900] Added file: "\\\\?\\C:\\Users\\pfole\\source\\repos\\DarkDash\\DarkDash\\Release\\Build\\DarkDash\\themes\\neon_sunset\\assets\\plaque_datetime.png" at sector 20081
  [768/900] Added file: "\\\\?\\C:\\Users\\pfole\\source\\repos\\DarkDash\\DarkDash\\Release\\Build\\DarkDash\\themes\\neon_sunset\\assets\\plaque_info.png" at sector 20089
  [769/900] Added file: "\\\\?\\C:\\Users\\pfole\\source\\repos\\DarkDash\\DarkDash\\Release\\Build\\DarkDash\\themes\\neon_sunset\\assets\\platform_long.png" at sector 20097
  [770/900] Added file: "\\\\?\\C:\\Users\\pfole\\source\\repos\\DarkDash\\DarkDash\\Release\\Build\\DarkDash\\themes\\neon_sunset\\assets\\plaque_toast.png" at sector 20165
  [771/900] Added file: "\\\\?\\C:\\Users\\pfole\\source\\repos\\DarkDash\\DarkDash\\Release\\Build\\DarkDash\\themes\\neon_sunset\\assets\\platform_round.png" at sector 20173
  [772/900] Added file: "\\\\?\\C:\\Users\\pfole\\source\\repos\\DarkDash\\DarkDash\\Release\\Build\\DarkDash\\themes\\neon_sunset\\assets\\tab_v_selected.png" at sector 20241
  [773/900] Added file: "\\\\?\\C:\\Users\\pfole\\source\\repos\\DarkDash\\DarkDash\\Release\\Build\\DarkDash\\themes\\neon_sunset\\assets\\tab_h_selected.png" at sector 20255
  [774/900] Added file: "\\\\?\\C:\\Users\\pfole\\source\\repos\\DarkDash\\DarkDash\\Release\\Build\\DarkDash\\themes\\neon_sunset\\assets\\tab_h_normal.png" at sector 20264
  [775/900] Added file: "\\\\?\\C:\\Users\\pfole\\source\\repos\\DarkDash\\DarkDash\\Release\\Build\\DarkDash\\themes\\neon_sunset\\assets\\tab_v_normal.png" at sector 20273
  [776/900] Added file: "\\\\?\\C:\\Users\\pfole\\source\\repos\\DarkDash\\DarkDash\\Release\\Build\\DarkDash\\themes\\neon_sunset\\assets\\tile_cover_small_blank.png" at sector 20287
  [777/900] Added file: "\\\\?\\C:\\Users\\pfole\\source\\repos\\DarkDash\\DarkDash\\Release\\Build\\DarkDash\\themes\\neon_sunset\\assets\\tile_cover_medium_blank.png" at sector 20295
  [778/900] Added file: "\\\\?\\C:\\Users\\pfole\\source\\repos\\DarkDash\\DarkDash\\Release\\Build\\DarkDash\\themes\\neon_sunset\\assets\\tile_feature_blank.png" at sector 20304
  [779/900] Added dir: "\\\\?\\C:\\Users\\pfole\\source\\repos\\DarkDash\\DarkDash\\Release\\Build\\DarkDash\\themes\\neon_sunset\\assets\\raw" at sector 20065
  [780/900] Added file: "\\\\?\\C:\\Users\\pfole\\source\\repos\\DarkDash\\DarkDash\\Release\\Build\\DarkDash\\themes\\neon_sunset\\assets\\raw\\s3_013.png" at sector 20316
  [781/900] Added file: "\\\\?\\C:\\Users\\pfole\\source\\repos\\DarkDash\\DarkDash\\Release\\Build\\DarkDash\\themes\\neon_sunset\\assets\\raw\\s2_016.png" at sector 20335
  [782/900] Added file: "\\\\?\\C:\\Users\\pfole\\source\\repos\\DarkDash\\DarkDash\\Release\\Build\\DarkDash\\themes\\neon_sunset\\assets\\raw\\s1_102.png" at sector 20348
  [783/900] Added file: "\\\\?\\C:\\Users\\pfole\\source\\repos\\DarkDash\\DarkDash\\Release\\Build\\DarkDash\\themes\\neon_sunset\\assets\\raw\\s1_057.png" at sector 20355
  [784/900] Added file: "\\\\?\\C:\\Users\\pfole\\source\\repos\\DarkDash\\DarkDash\\Release\\Build\\DarkDash\\themes\\neon_sunset\\assets\\raw\\s1_033.png" at sector 20367
  [785/900] Added file: "\\\\?\\C:\\Users\\pfole\\source\\repos\\DarkDash\\DarkDash\\Release\\Build\\DarkDash\\themes\\neon_sunset\\assets\\raw\\s1_019.png" at sector 20382
  [786/900] Added file: "\\\\?\\C:\\Users\\pfole\\source\\repos\\DarkDash\\DarkDash\\Release\\Build\\DarkDash\\themes\\neon_sunset\\assets\\raw\\s1_018.png" at sector 20396
  [787/900] Added file: "\\\\?\\C:\\Users\\pfole\\source\\repos\\DarkDash\\DarkDash\\Release\\Build\\DarkDash\\themes\\neon_sunset\\assets\\raw\\s1_020.png" at sector 20411
  [788/900] Added file: "\\\\?\\C:\\Users\\pfole\\source\\repos\\DarkDash\\DarkDash\\Release\\Build\\DarkDash\\themes\\neon_sunset\\assets\\raw\\s1_055.png" at sector 20429
  [789/900] Added file: "\\\\?\\C:\\Users\\pfole\\source\\repos\\DarkDash\\DarkDash\\Release\\Build\\DarkDash\\themes\\neon_sunset\\assets\\raw\\s1_034.png" at sector 20442
  [790/900] Added file: "\\\\?\\C:\\Users\\pfole\\source\\repos\\DarkDash\\DarkDash\\Release\\Build\\DarkDash\\themes\\neon_sunset\\assets\\raw\\s1_056.png" at sector 20457
  [791/900] Added file: "\\\\?\\C:\\Users\\pfole\\source\\repos\\DarkDash\\DarkDash\\Release\\Build\\DarkDash\\themes\\neon_sunset\\assets\\raw\\s1_082.png" at sector 20473
  [792/900] Added file: "\\\\?\\C:\\Users\\pfole\\source\\repos\\DarkDash\\DarkDash\\Release\\Build\\DarkDash\\themes\\neon_sunset\\assets\\raw\\s1_068.png" at sector 20480
  [793/900] Added file: "\\\\?\\C:\\Users\\pfole\\source\\repos\\DarkDash\\DarkDash\\Release\\Build\\DarkDash\\themes\\neon_sunset\\assets\\raw\\s1_058.png" at sector 20492
  [794/900] Added file: "\\\\?\\C:\\Users\\pfole\\source\\repos\\DarkDash\\DarkDash\\Release\\Build\\DarkDash\\themes\\neon_sunset\\assets\\raw\\s1_075.png" at sector 20503
  [795/900] Added file: "\\\\?\\C:\\Users\\pfole\\source\\repos\\DarkDash\\DarkDash\\Release\\Build\\DarkDash\\themes\\neon_sunset\\assets\\raw\\s1_089.png" at sector 20515
  [796/900] Added file: "\\\\?\\C:\\Users\\pfole\\source\\repos\\DarkDash\\DarkDash\\Release\\Build\\DarkDash\\themes\\neon_sunset\\assets\\raw\\s1_083.png" at sector 20525
  [797/900] Added file: "\\\\?\\C:\\Users\\pfole\\source\\repos\\DarkDash\\DarkDash\\Release\\Build\\DarkDash\\themes\\neon_sunset\\assets\\raw\\s1_101.png" at sector 20532
  [798/900] Added file: "\\\\?\\C:\\Users\\pfole\\source\\repos\\DarkDash\\DarkDash\\Release\\Build\\DarkDash\\themes\\neon_sunset\\assets\\raw\\s2_008.png" at sector 20554
  [799/900] Added file: "\\\\?\\C:\\Users\\pfole\\source\\repos\\DarkDash\\DarkDash\\Release\\Build\\DarkDash\\themes\\neon_sunset\\assets\\raw\\s2_004.png" at sector 20567
  [800/900] Added file: "\\\\?\\C:\\Users\\pfole\\source\\repos\\DarkDash\\DarkDash\\Release\\Build\\DarkDash\\themes\\neon_sunset\\assets\\raw\\s2_002.png" at sector 20578
  [801/900] Added file: "\\\\?\\C:\\Users\\pfole\\source\\repos\\DarkDash\\DarkDash\\Release\\Build\\DarkDash\\themes\\neon_sunset\\assets\\raw\\s2_001.png" at sector 20590
  [802/900] Added file: "\\\\?\\C:\\Users\\pfole\\source\\repos\\DarkDash\\DarkDash\\Release\\Build\\DarkDash\\themes\\neon_sunset\\assets\\raw\\s2_003.png" at sector 20603
  [803/900] Added file: "\\\\?\\C:\\Users\\pfole\\source\\repos\\DarkDash\\DarkDash\\Release\\Build\\DarkDash\\themes\\neon_sunset\\assets\\raw\\s2_006.png" at sector 20615
  [804/900] Added file: "\\\\?\\C:\\Users\\pfole\\source\\repos\\DarkDash\\DarkDash\\Release\\Build\\DarkDash\\themes\\neon_sunset\\assets\\raw\\s2_005.png" at sector 20627
  [805/900] Added file: "\\\\?\\C:\\Users\\pfole\\source\\repos\\DarkDash\\DarkDash\\Release\\Build\\DarkDash\\themes\\neon_sunset\\assets\\raw\\s2_007.png" at sector 20639
  [806/900] Added file: "\\\\?\\C:\\Users\\pfole\\source\\repos\\DarkDash\\DarkDash\\Release\\Build\\DarkDash\\themes\\neon_sunset\\assets\\raw\\s2_012.png" at sector 20653
  [807/900] Added file: "\\\\?\\C:\\Users\\pfole\\source\\repos\\DarkDash\\DarkDash\\Release\\Build\\DarkDash\\themes\\neon_sunset\\assets\\raw\\s2_010.png" at sector 20665
  [808/900] Added file: "\\\\?\\C:\\Users\\pfole\\source\\repos\\DarkDash\\DarkDash\\Release\\Build\\DarkDash\\themes\\neon_sunset\\assets\\raw\\s2_009.png" at sector 20677
  [809/900] Added file: "\\\\?\\C:\\Users\\pfole\\source\\repos\\DarkDash\\DarkDash\\Release\\Build\\DarkDash\\themes\\neon_sunset\\assets\\raw\\s2_011.png" at sector 20690
  [810/900] Added file: "\\\\?\\C:\\Users\\pfole\\source\\repos\\DarkDash\\DarkDash\\Release\\Build\\DarkDash\\themes\\neon_sunset\\assets\\raw\\s2_014.png" at sector 20702
  [811/900] Added file: "\\\\?\\C:\\Users\\pfole\\source\\repos\\DarkDash\\DarkDash\\Release\\Build\\DarkDash\\themes\\neon_sunset\\assets\\raw\\s2_013.png" at sector 20715
  [812/900] Added file: "\\\\?\\C:\\Users\\pfole\\source\\repos\\DarkDash\\DarkDash\\Release\\Build\\DarkDash\\themes\\neon_sunset\\assets\\raw\\s2_015.png" at sector 20727
  [813/900] Added file: "\\\\?\\C:\\Users\\pfole\\source\\repos\\DarkDash\\DarkDash\\Release\\Build\\DarkDash\\themes\\neon_sunset\\assets\\raw\\s2_034.png" at sector 20740
  [814/900] Added file: "\\\\?\\C:\\Users\\pfole\\source\\repos\\DarkDash\\DarkDash\\Release\\Build\\DarkDash\\themes\\neon_sunset\\assets\\raw\\s2_024.png" at sector 20745
  [815/900] Added file: "\\\\?\\C:\\Users\\pfole\\source\\repos\\DarkDash\\DarkDash\\Release\\Build\\DarkDash\\themes\\neon_sunset\\assets\\raw\\s2_020.png" at sector 20756
  [816/900] Added file: "\\\\?\\C:\\Users\\pfole\\source\\repos\\DarkDash\\DarkDash\\Release\\Build\\DarkDash\\themes\\neon_sunset\\assets\\raw\\s2_018.png" at sector 20768
  [817/900] Added file: "\\\\?\\C:\\Users\\pfole\\source\\repos\\DarkDash\\DarkDash\\Release\\Build\\DarkDash\\themes\\neon_sunset\\assets\\raw\\s2_017.png" at sector 20780
  [818/900] Added file: "\\\\?\\C:\\Users\\pfole\\source\\repos\\DarkDash\\DarkDash\\Release\\Build\\DarkDash\\themes\\neon_sunset\\assets\\raw\\s2_019.png" at sector 20793
  [819/900] Added file: "\\\\?\\C:\\Users\\pfole\\source\\repos\\DarkDash\\DarkDash\\Release\\Build\\DarkDash\\themes\\neon_sunset\\assets\\raw\\s2_022.png" at sector 20807
  [820/900] Added file: "\\\\?\\C:\\Users\\pfole\\source\\repos\\DarkDash\\DarkDash\\Release\\Build\\DarkDash\\themes\\neon_sunset\\assets\\raw\\s2_021.png" at sector 20818
  [821/900] Added file: "\\\\?\\C:\\Users\\pfole\\source\\repos\\DarkDash\\DarkDash\\Release\\Build\\DarkDash\\themes\\neon_sunset\\assets\\raw\\s2_023.png" at sector 20829
  [822/900] Added file: "\\\\?\\C:\\Users\\pfole\\source\\repos\\DarkDash\\DarkDash\\Release\\Build\\DarkDash\\themes\\neon_sunset\\assets\\raw\\s2_028.png" at sector 20840
  [823/900] Added file: "\\\\?\\C:\\Users\\pfole\\source\\repos\\DarkDash\\DarkDash\\Release\\Build\\DarkDash\\themes\\neon_sunset\\assets\\raw\\s2_026.png" at sector 20849
  [824/900] Added file: "\\\\?\\C:\\Users\\pfole\\source\\repos\\DarkDash\\DarkDash\\Release\\Build\\DarkDash\\themes\\neon_sunset\\assets\\raw\\s2_025.png" at sector 20858
  [825/900] Added file: "\\\\?\\C:\\Users\\pfole\\source\\repos\\DarkDash\\DarkDash\\Release\\Build\\DarkDash\\themes\\neon_sunset\\assets\\raw\\s2_027.png" at sector 20867
  [826/900] Added file: "\\\\?\\C:\\Users\\pfole\\source\\repos\\DarkDash\\DarkDash\\Release\\Build\\DarkDash\\themes\\neon_sunset\\assets\\raw\\s2_032.png" at sector 20876
  [827/900] Added file: "\\\\?\\C:\\Users\\pfole\\source\\repos\\DarkDash\\DarkDash\\Release\\Build\\DarkDash\\themes\\neon_sunset\\assets\\raw\\s2_031.png" at sector 20883
  [828/900] Added file: "\\\\?\\C:\\Users\\pfole\\source\\repos\\DarkDash\\DarkDash\\Release\\Build\\DarkDash\\themes\\neon_sunset\\assets\\raw\\s2_033.png" at sector 20890
  [829/900] Added file: "\\\\?\\C:\\Users\\pfole\\source\\repos\\DarkDash\\DarkDash\\Release\\Build\\DarkDash\\themes\\neon_sunset\\assets\\raw\\s2_056.png" at sector 20896
  [830/900] Added file: "\\\\?\\C:\\Users\\pfole\\source\\repos\\DarkDash\\DarkDash\\Release\\Build\\DarkDash\\themes\\neon_sunset\\assets\\raw\\s2_052.png" at sector 20905
  [831/900] Added file: "\\\\?\\C:\\Users\\pfole\\source\\repos\\DarkDash\\DarkDash\\Release\\Build\\DarkDash\\themes\\neon_sunset\\assets\\raw\\s2_050.png" at sector 20928
  [832/900] Added file: "\\\\?\\C:\\Users\\pfole\\source\\repos\\DarkDash\\DarkDash\\Release\\Build\\DarkDash\\themes\\neon_sunset\\assets\\raw\\s2_049.png" at sector 20951
  [833/900] Added file: "\\\\?\\C:\\Users\\pfole\\source\\repos\\DarkDash\\DarkDash\\Release\\Build\\DarkDash\\themes\\neon_sunset\\assets\\raw\\s2_051.png" at sector 20975
  [834/900] Added file: "\\\\?\\C:\\Users\\pfole\\source\\repos\\DarkDash\\DarkDash\\Release\\Build\\DarkDash\\themes\\neon_sunset\\assets\\raw\\s2_054.png" at sector 20999
  [835/900] Added file: "\\\\?\\C:\\Users\\pfole\\source\\repos\\DarkDash\\DarkDash\\Release\\Build\\DarkDash\\themes\\neon_sunset\\assets\\raw\\s2_053.png" at sector 21008
  [836/900] Added file: "\\\\?\\C:\\Users\\pfole\\source\\repos\\DarkDash\\DarkDash\\Release\\Build\\DarkDash\\themes\\neon_sunset\\assets\\raw\\s2_055.png" at sector 21017
  [837/900] Added file: "\\\\?\\C:\\Users\\pfole\\source\\repos\\DarkDash\\DarkDash\\Release\\Build\\DarkDash\\themes\\neon_sunset\\assets\\raw\\s3_004.png" at sector 21026
  [838/900] Added file: "\\\\?\\C:\\Users\\pfole\\source\\repos\\DarkDash\\DarkDash\\Release\\Build\\DarkDash\\themes\\neon_sunset\\assets\\raw\\s3_002.png" at sector 21094
  [839/900] Added file: "\\\\?\\C:\\Users\\pfole\\source\\repos\\DarkDash\\DarkDash\\Release\\Build\\DarkDash\\themes\\neon_sunset\\assets\\raw\\s3_001.png" at sector 21117
  [840/900] Added file: "\\\\?\\C:\\Users\\pfole\\source\\repos\\DarkDash\\DarkDash\\Release\\Build\\DarkDash\\themes\\neon_sunset\\assets\\raw\\s3_003.png" at sector 21238
  [841/900] Added file: "\\\\?\\C:\\Users\\pfole\\source\\repos\\DarkDash\\DarkDash\\Release\\Build\\DarkDash\\themes\\neon_sunset\\assets\\raw\\s3_011.png" at sector 21301
  [842/900] Added file: "\\\\?\\C:\\Users\\pfole\\source\\repos\\DarkDash\\DarkDash\\Release\\Build\\DarkDash\\themes\\neon_sunset\\assets\\raw\\s3_010.png" at sector 21351
  [843/900] Added file: "\\\\?\\C:\\Users\\pfole\\source\\repos\\DarkDash\\DarkDash\\Release\\Build\\DarkDash\\themes\\neon_sunset\\assets\\raw\\s3_012.png" at sector 21383
  [844/900] Added file: "\\\\?\\C:\\Users\\pfole\\source\\repos\\DarkDash\\DarkDash\\Release\\Build\\DarkDash\\themes\\neon_sunset\\assets\\raw\\s4_023.png" at sector 21400
  [845/900] Added file: "\\\\?\\C:\\Users\\pfole\\source\\repos\\DarkDash\\DarkDash\\Release\\Build\\DarkDash\\themes\\neon_sunset\\assets\\raw\\s3_029.png" at sector 21417
  [846/900] Added file: "\\\\?\\C:\\Users\\pfole\\source\\repos\\DarkDash\\DarkDash\\Release\\Build\\DarkDash\\themes\\neon_sunset\\assets\\raw\\s3_021.png" at sector 21421
  [847/900] Added file: "\\\\?\\C:\\Users\\pfole\\source\\repos\\DarkDash\\DarkDash\\Release\\Build\\DarkDash\\themes\\neon_sunset\\assets\\raw\\s3_017.png" at sector 21451
  [848/900] Added file: "\\\\?\\C:\\Users\\pfole\\source\\repos\\DarkDash\\DarkDash\\Release\\Build\\DarkDash\\themes\\neon_sunset\\assets\\raw\\s3_015.png" at sector 21465
  [849/900] Added file: "\\\\?\\C:\\Users\\pfole\\source\\repos\\DarkDash\\DarkDash\\Release\\Build\\DarkDash\\themes\\neon_sunset\\assets\\raw\\s3_014.png" at sector 21491
  [850/900] Added file: "\\\\?\\C:\\Users\\pfole\\source\\repos\\DarkDash\\DarkDash\\Release\\Build\\DarkDash\\themes\\neon_sunset\\assets\\raw\\s3_016.png" at sector 21559
  [851/900] Added file: "\\\\?\\C:\\Users\\pfole\\source\\repos\\DarkDash\\DarkDash\\Release\\Build\\DarkDash\\themes\\neon_sunset\\assets\\raw\\s3_019.png" at sector 21572
  [852/900] Added file: "\\\\?\\C:\\Users\\pfole\\source\\repos\\DarkDash\\DarkDash\\Release\\Build\\DarkDash\\themes\\neon_sunset\\assets\\raw\\s3_018.png" at sector 21582
  [853/900] Added file: "\\\\?\\C:\\Users\\pfole\\source\\repos\\DarkDash\\DarkDash\\Release\\Build\\DarkDash\\themes\\neon_sunset\\assets\\raw\\s3_020.png" at sector 21594
  [854/900] Added file: "\\\\?\\C:\\Users\\pfole\\source\\repos\\DarkDash\\DarkDash\\Release\\Build\\DarkDash\\themes\\neon_sunset\\assets\\raw\\s3_025.png" at sector 21605
  [855/900] Added file: "\\\\?\\C:\\Users\\pfole\\source\\repos\\DarkDash\\DarkDash\\Release\\Build\\DarkDash\\themes\\neon_sunset\\assets\\raw\\s3_023.png" at sector 21620
  [856/900] Added file: "\\\\?\\C:\\Users\\pfole\\source\\repos\\DarkDash\\DarkDash\\Release\\Build\\DarkDash\\themes\\neon_sunset\\assets\\raw\\s3_022.png" at sector 21629
  [857/900] Added file: "\\\\?\\C:\\Users\\pfole\\source\\repos\\DarkDash\\DarkDash\\Release\\Build\\DarkDash\\themes\\neon_sunset\\assets\\raw\\s3_024.png" at sector 21646
  [858/900] Added file: "\\\\?\\C:\\Users\\pfole\\source\\repos\\DarkDash\\DarkDash\\Release\\Build\\DarkDash\\themes\\neon_sunset\\assets\\raw\\s3_027.png" at sector 21655
  [859/900] Added file: "\\\\?\\C:\\Users\\pfole\\source\\repos\\DarkDash\\DarkDash\\Release\\Build\\DarkDash\\themes\\neon_sunset\\assets\\raw\\s3_026.png" at sector 21676
  [860/900] Added file: "\\\\?\\C:\\Users\\pfole\\source\\repos\\DarkDash\\DarkDash\\Release\\Build\\DarkDash\\themes\\neon_sunset\\assets\\raw\\s3_028.png" at sector 21685
  [861/900] Added file: "\\\\?\\C:\\Users\\pfole\\source\\repos\\DarkDash\\DarkDash\\Release\\Build\\DarkDash\\themes\\neon_sunset\\assets\\raw\\s3_043.png" at sector 21707
  [862/900] Added file: "\\\\?\\C:\\Users\\pfole\\source\\repos\\DarkDash\\DarkDash\\Release\\Build\\DarkDash\\themes\\neon_sunset\\assets\\raw\\s3_039.png" at sector 21715
  [863/900] Added file: "\\\\?\\C:\\Users\\pfole\\source\\repos\\DarkDash\\DarkDash\\Release\\Build\\DarkDash\\themes\\neon_sunset\\assets\\raw\\s3_037.png" at sector 21721
  [864/900] Added file: "\\\\?\\C:\\Users\\pfole\\source\\repos\\DarkDash\\DarkDash\\Release\\Build\\DarkDash\\themes\\neon_sunset\\assets\\raw\\s3_032.png" at sector 21736
  [865/900] Added file: "\\\\?\\C:\\Users\\pfole\\source\\repos\\DarkDash\\DarkDash\\Release\\Build\\DarkDash\\themes\\neon_sunset\\assets\\raw\\s3_038.png" at sector 21741
  [866/900] Added file: "\\\\?\\C:\\Users\\pfole\\source\\repos\\DarkDash\\DarkDash\\Release\\Build\\DarkDash\\themes\\neon_sunset\\assets\\raw\\s3_041.png" at sector 21746
  [867/900] Added file: "\\\\?\\C:\\Users\\pfole\\source\\repos\\DarkDash\\DarkDash\\Release\\Build\\DarkDash\\themes\\neon_sunset\\assets\\raw\\s3_040.png" at sector 21749
  [868/900] Added file: "\\\\?\\C:\\Users\\pfole\\source\\repos\\DarkDash\\DarkDash\\Release\\Build\\DarkDash\\themes\\neon_sunset\\assets\\raw\\s3_042.png" at sector 21752
  [869/900] Added file: "\\\\?\\C:\\Users\\pfole\\source\\repos\\DarkDash\\DarkDash\\Release\\Build\\DarkDash\\themes\\neon_sunset\\assets\\raw\\s3_047.png" at sector 21755
  [870/900] Added file: "\\\\?\\C:\\Users\\pfole\\source\\repos\\DarkDash\\DarkDash\\Release\\Build\\DarkDash\\themes\\neon_sunset\\assets\\raw\\s3_045.png" at sector 21759
  [871/900] Added file: "\\\\?\\C:\\Users\\pfole\\source\\repos\\DarkDash\\DarkDash\\Release\\Build\\DarkDash\\themes\\neon_sunset\\assets\\raw\\s3_044.png" at sector 21768
  [872/900] Added file: "\\\\?\\C:\\Users\\pfole\\source\\repos\\DarkDash\\DarkDash\\Release\\Build\\DarkDash\\themes\\neon_sunset\\assets\\raw\\s3_046.png" at sector 21804
  [873/900] Added file: "\\\\?\\C:\\Users\\pfole\\source\\repos\\DarkDash\\DarkDash\\Release\\Build\\DarkDash\\themes\\neon_sunset\\assets\\raw\\s3_049.png" at sector 21811
  [874/900] Added file: "\\\\?\\C:\\Users\\pfole\\source\\repos\\DarkDash\\DarkDash\\Release\\Build\\DarkDash\\themes\\neon_sunset\\assets\\raw\\s3_048.png" at sector 21815
  [875/900] Added file: "\\\\?\\C:\\Users\\pfole\\source\\repos\\DarkDash\\DarkDash\\Release\\Build\\DarkDash\\themes\\neon_sunset\\assets\\raw\\s3_050.png" at sector 21819
  [876/900] Added file: "\\\\?\\C:\\Users\\pfole\\source\\repos\\DarkDash\\DarkDash\\Release\\Build\\DarkDash\\themes\\neon_sunset\\assets\\raw\\s4_091.png" at sector 21822
  [877/900] Added file: "\\\\?\\C:\\Users\\pfole\\source\\repos\\DarkDash\\DarkDash\\Release\\Build\\DarkDash\\themes\\neon_sunset\\assets\\raw\\s4_054.png" at sector 21827
  [878/900] Added file: "\\\\?\\C:\\Users\\pfole\\source\\repos\\DarkDash\\DarkDash\\Release\\Build\\DarkDash\\themes\\neon_sunset\\assets\\raw\\s4_027.png" at sector 21838
  [879/900] Added file: "\\\\?\\C:\\Users\\pfole\\source\\repos\\DarkDash\\DarkDash\\Release\\Build\\DarkDash\\themes\\neon_sunset\\assets\\raw\\s4_025.png" at sector 21879
  [880/900] Added file: "\\\\?\\C:\\Users\\pfole\\source\\repos\\DarkDash\\DarkDash\\Release\\Build\\DarkDash\\themes\\neon_sunset\\assets\\raw\\s4_024.png" at sector 21890
  [881/900] Added file: "\\\\?\\C:\\Users\\pfole\\source\\repos\\DarkDash\\DarkDash\\Release\\Build\\DarkDash\\themes\\neon_sunset\\assets\\raw\\s4_026.png" at sector 21905
  [882/900] Added file: "\\\\?\\C:\\Users\\pfole\\source\\repos\\DarkDash\\DarkDash\\Release\\Build\\DarkDash\\themes\\neon_sunset\\assets\\raw\\s4_038.png" at sector 21939
  [883/900] Added file: "\\\\?\\C:\\Users\\pfole\\source\\repos\\DarkDash\\DarkDash\\Release\\Build\\DarkDash\\themes\\neon_sunset\\assets\\raw\\s4_033.png" at sector 21953
  [884/900] Added file: "\\\\?\\C:\\Users\\pfole\\source\\repos\\DarkDash\\DarkDash\\Release\\Build\\DarkDash\\themes\\neon_sunset\\assets\\raw\\s4_053.png" at sector 21970
  [885/900] Added file: "\\\\?\\C:\\Users\\pfole\\source\\repos\\DarkDash\\DarkDash\\Release\\Build\\DarkDash\\themes\\neon_sunset\\assets\\raw\\s4_078.png" at sector 21980
  [886/900] Added file: "\\\\?\\C:\\Users\\pfole\\source\\repos\\DarkDash\\DarkDash\\Release\\Build\\DarkDash\\themes\\neon_sunset\\assets\\raw\\s4_056.png" at sector 21995
  [887/900] Added file: "\\\\?\\C:\\Users\\pfole\\source\\repos\\DarkDash\\DarkDash\\Release\\Build\\DarkDash\\themes\\neon_sunset\\assets\\raw\\s4_055.png" at sector 22006
  [888/900] Added file: "\\\\?\\C:\\Users\\pfole\\source\\repos\\DarkDash\\DarkDash\\Release\\Build\\DarkDash\\themes\\neon_sunset\\assets\\raw\\s4_061.png" at sector 22016
  [889/900] Added file: "\\\\?\\C:\\Users\\pfole\\source\\repos\\DarkDash\\DarkDash\\Release\\Build\\DarkDash\\themes\\neon_sunset\\assets\\raw\\s4_080.png" at sector 22030
  [890/900] Added file: "\\\\?\\C:\\Users\\pfole\\source\\repos\\DarkDash\\DarkDash\\Release\\Build\\DarkDash\\themes\\neon_sunset\\assets\\raw\\s4_079.png" at sector 22037
  [891/900] Added file: "\\\\?\\C:\\Users\\pfole\\source\\repos\\DarkDash\\DarkDash\\Release\\Build\\DarkDash\\themes\\neon_sunset\\assets\\raw\\s4_081.png" at sector 22044
  [892/900] Added file: "\\\\?\\C:\\Users\\pfole\\source\\repos\\DarkDash\\DarkDash\\Release\\Build\\DarkDash\\themes\\neon_sunset\\assets\\raw\\s4_097.png" at sector 22051
  [893/900] Added file: "\\\\?\\C:\\Users\\pfole\\source\\repos\\DarkDash\\DarkDash\\Release\\Build\\DarkDash\\themes\\neon_sunset\\assets\\raw\\s4_095.png" at sector 22060
  [894/900] Added file: "\\\\?\\C:\\Users\\pfole\\source\\repos\\DarkDash\\DarkDash\\Release\\Build\\DarkDash\\themes\\neon_sunset\\assets\\raw\\s4_094.png" at sector 22071
  [895/900] Added file: "\\\\?\\C:\\Users\\pfole\\source\\repos\\DarkDash\\DarkDash\\Release\\Build\\DarkDash\\themes\\neon_sunset\\assets\\raw\\s4_096.png" at sector 22080
  [896/900] Added file: "\\\\?\\C:\\Users\\pfole\\source\\repos\\DarkDash\\DarkDash\\Release\\Build\\DarkDash\\themes\\neon_sunset\\assets\\raw\\s4_114.png" at sector 22091
  [897/900] Added file: "\\\\?\\C:\\Users\\pfole\\source\\repos\\DarkDash\\DarkDash\\Release\\Build\\DarkDash\\themes\\neon_sunset\\assets\\raw\\s4_113.png" at sector 22099
  [898/900] Added file: "\\\\?\\C:\\Users\\pfole\\source\\repos\\DarkDash\\DarkDash\\Release\\Build\\DarkDash\\themes\\neon_sunset\\assets\\raw\\s4_123.png" at sector 22109
  [899/900] Added file: "\\\\?\\C:\\Users\\pfole\\source\\repos\\DarkDash\\DarkDash\\Release\\Build\\DarkDash\\themes\\neon_sunset\\assets\\raw\\s4_122.png" at sector 22116
  [900/900] Added file: "\\\\?\\C:\\Users\\pfole\\source\\repos\\DarkDash\\DarkDash\\Release\\Build\\DarkDash\\themes\\neon_sunset\\assets\\raw\\s4_124.png" at sector 22126
